kind,library,codegen,api,test_case,repetition,iterations,bytes,enqueue_elapsed_ns,flush_elapsed_ns,end_to_end_ns,ns_per_encode,encodes_per_second,delivery_errors,mode,acks,compression,linger_ms,batch_num_messages
kafka,confluent_librdkafka,google_speed,produce,one_string_ten_int64,1,1000000,49,42571510425.000,4379080681.000,46950591106.000,46950.591,21298.986,0,copy,0,none,0,1
kafka,confluent_librdkafka,google_speed,produce,one_string_ten_int64,2,1000000,49,40143846434.000,4416438418.000,44560284852.000,44560.285,22441.508,0,copy,0,none,0,1
kafka,confluent_librdkafka,google_speed,produce,one_string_ten_int64,3,1000000,49,39649458662.000,4390581141.000,44040039803.000,44040.040,22706.610,0,copy,0,none,0,1
kafka,confluent_librdkafka,google_speed,produce,one_string_ten_int64,4,1000000,49,39955425121.000,4420872717.000,44376297838.000,44376.298,22534.552,0,copy,0,none,0,1
kafka,confluent_librdkafka,google_speed,produce,one_string_ten_int64,5,1000000,49,39912268760.000,4386585526.000,44298854286.000,44298.854,22573.947,0,copy,0,none,0,1
kafka,confluent_librdkafka,google_speed,produce,one_string_ten_int64,6,1000000,49,40110136604.000,4380254845.000,44490391449.000,44490.391,22476.763,0,copy,0,none,0,1
kafka,confluent_librdkafka,google_speed,produce,one_string_ten_int64,7,1000000,49,40077736437.000,4521575012.000,44599311449.000,44599.311,22421.871,0,copy,0,none,0,1
kafka,confluent_librdkafka,google_speed,produce,one_string_ten_int64,8,1000000,49,40206781663.000,4432036299.000,44638817962.000,44638.818,22402.027,0,copy,0,none,0,1
kafka,confluent_librdkafka,google_speed,produce,one_string_ten_int64,9,1000000,49,40028476565.000,4453326703.000,44481803268.000,44481.803,22481.103,0,copy,0,none,0,1
kafka,confluent_librdkafka,google_speed,produce,one_string_ten_int64,10,1000000,49,40265238228.000,4400827453.000,44666065681.000,44666.066,22388.361,0,copy,0,none,0,1
kafka,confluent_librdkafka,google_speed,produce,one_string_ten_int64,1,1000000,49,1975880121.000,81279285.000,2057159406.000,2057.159,486107.201,0,copy,0,zstd,0,100
kafka,confluent_librdkafka,google_speed,produce,one_string_ten_int64,2,1000000,49,957336158.000,77478551.000,1034814709.000,1034.815,966356.577,0,copy,0,zstd,0,100
kafka,confluent_librdkafka,google_speed,produce,one_string_ten_int64,3,1000000,49,956234837.000,75649702.000,1031884539.000,1031.885,969100.672,0,copy,0,zstd,0,100
kafka,confluent_librdkafka,google_speed,produce,one_string_ten_int64,4,1000000,49,925883887.000,85676228.000,1011560115.000,1011.560,988571.994,0,copy,0,zstd,0,100
kafka,confluent_librdkafka,google_speed,produce,one_string_ten_int64,5,1000000,49,911284161.000,80066595.000,991350756.000,991.351,1008724.706,0,copy,0,zstd,0,100
kafka,confluent_librdkafka,google_speed,produce,one_string_ten_int64,6,1000000,49,931375331.000,80048959.000,1011424290.000,1011.424,988704.750,0,copy,0,zstd,0,100
kafka,confluent_librdkafka,google_speed,produce,one_string_ten_int64,7,1000000,49,944053649.000,86366620.000,1030420269.000,1030.420,970477.804,0,copy,0,zstd,0,100
kafka,confluent_librdkafka,google_speed,produce,one_string_ten_int64,8,1000000,49,951251650.000,68054993.000,1019306643.000,1019.307,981059.043,0,copy,0,zstd,0,100
kafka,confluent_librdkafka,google_speed,produce,one_string_ten_int64,9,1000000,49,920514277.000,75997917.000,996512194.000,996.512,1003500.013,0,copy,0,zstd,0,100
kafka,confluent_librdkafka,google_speed,produce,one_string_ten_int64,10,1000000,49,887029208.000,70231508.000,957260716.000,957.261,1044647.486,0,copy,0,zstd,0,100
kafka,confluent_librdkafka,google_speed,produce,one_string_ten_int64,1,1000000,49,46216428758.000,5030586892.000,51247015650.000,51247.016,19513.331,0,copy,0,zstd,5,1
kafka,confluent_librdkafka,google_speed,produce,one_string_ten_int64,2,1000000,49,45592564679.000,5023169472.000,50615734151.000,50615.734,19756.702,0,copy,0,zstd,5,1
kafka,confluent_librdkafka,google_speed,produce,one_string_ten_int64,3,1000000,49,45643950382.000,5046974433.000,50690924815.000,50690.925,19727.397,0,copy,0,zstd,5,1
kafka,confluent_librdkafka,google_speed,produce,one_string_ten_int64,4,1000000,49,45534970987.000,5040779869.000,50575750856.000,50575.751,19772.321,0,copy,0,zstd,5,1
kafka,confluent_librdkafka,google_speed,produce,one_string_ten_int64,5,1000000,49,45593950162.000,5029740012.000,50623690174.000,50623.690,19753.598,0,copy,0,zstd,5,1
kafka,confluent_librdkafka,google_speed,produce,one_string_ten_int64,6,1000000,49,45508427140.000,5026444744.000,50534871884.000,50534.872,19788.316,0,copy,0,zstd,5,1
kafka,confluent_librdkafka,google_speed,produce,one_string_ten_int64,7,1000000,49,45397088112.000,4977342271.000,50374430383.000,50374.430,19851.341,0,copy,0,zstd,5,1
kafka,confluent_librdkafka,google_speed,produce,one_string_ten_int64,8,1000000,49,45907459617.000,5062938917.000,50970398534.000,50970.399,19619.231,0,copy,0,zstd,5,1
kafka,confluent_librdkafka,google_speed,produce,one_string_ten_int64,9,1000000,49,45731558018.000,5095741679.000,50827299697.000,50827.300,19674.466,0,copy,0,zstd,5,1
kafka,confluent_librdkafka,google_speed,produce,one_string_ten_int64,10,1000000,49,45722637210.000,5025134124.000,50747771334.000,50747.771,19705.299,0,copy,0,zstd,5,1
kafka,confluent_librdkafka,google_speed,produce,one_string_ten_int64,1,1000000,49,1980317382.000,90070593.000,2070387975.000,2070.388,483001.260,0,copy,0,zstd,5,100
kafka,confluent_librdkafka,google_speed,produce,one_string_ten_int64,2,1000000,49,1053576168.000,81421837.000,1134998005.000,1134.998,881058.817,0,copy,0,zstd,5,100
kafka,confluent_librdkafka,google_speed,produce,one_string_ten_int64,3,1000000,49,985671904.000,88196356.000,1073868260.000,1073.868,931212.922,0,copy,0,zstd,5,100
kafka,confluent_librdkafka,google_speed,produce,one_string_ten_int64,4,1000000,49,1031827840.000,83642677.000,1115470517.000,1115.471,896482.681,0,copy,0,zstd,5,100
kafka,confluent_librdkafka,google_speed,produce,one_string_ten_int64,5,1000000,49,1008987746.000,84773242.000,1093760988.000,1093.761,914276.529,0,copy,0,zstd,5,100
kafka,confluent_librdkafka,google_speed,produce,one_string_ten_int64,6,1000000,49,984086172.000,82517288.000,1066603460.000,1066.603,937555.556,0,copy,0,zstd,5,100
kafka,confluent_librdkafka,google_speed,produce,one_string_ten_int64,7,1000000,49,955135038.000,67924094.000,1023059132.000,1023.059,977460.607,0,copy,0,zstd,5,100
kafka,confluent_librdkafka,google_speed,produce,one_string_ten_int64,8,1000000,49,996580534.000,87031907.000,1083612441.000,1083.612,922839.165,0,copy,0,zstd,5,100
kafka,confluent_librdkafka,google_speed,produce,one_string_ten_int64,9,1000000,49,1061624574.000,87355445.000,1148980019.000,1148.980,870337.154,0,copy,0,zstd,5,100
kafka,confluent_librdkafka,google_speed,produce,one_string_ten_int64,10,1000000,49,968022287.000,83749526.000,1051771813.000,1051.772,950776.573,0,copy,0,zstd,5,100
kafka,confluent_librdkafka,google_speed,produce,one_string_ten_int64,1,1000000,49,1688907738.000,60531327.000,1749439065.000,1749.439,571611.793,0,copy,0,none,0,100
kafka,confluent_librdkafka,google_speed,produce,one_string_ten_int64,2,1000000,49,780837101.000,1453243.000,782290344.000,782.290,1278297.767,0,copy,0,none,0,100
kafka,confluent_librdkafka,google_speed,produce,one_string_ten_int64,3,1000000,49,778733669.000,1009172.000,779742841.000,779.743,1282474.102,0,copy,0,none,0,100
kafka,confluent_librdkafka,google_speed,produce,one_string_ten_int64,4,1000000,49,707309356.000,2260149.000,709569505.000,709.570,1409305.210,0,copy,0,none,0,100
kafka,confluent_librdkafka,google_speed,produce,one_string_ten_int64,5,1000000,49,588051943.000,44238393.000,632290336.000,632.290,1581551.928,0,copy,0,none,0,100
kafka,confluent_librdkafka,google_speed,produce,one_string_ten_int64,6,1000000,49,710056460.000,11995102.000,722051562.000,722.052,1384942.645,0,copy,0,none,0,100
kafka,confluent_librdkafka,google_speed,produce,one_string_ten_int64,7,1000000,49,736899706.000,16868062.000,753767768.000,753.768,1326668.561,0,copy,0,none,0,100
kafka,confluent_librdkafka,google_speed,produce,one_string_ten_int64,8,1000000,49,733774552.000,348996.000,734123548.000,734.124,1362168.538,0,copy,0,none,0,100
kafka,confluent_librdkafka,google_speed,produce,one_string_ten_int64,9,1000000,49,747380674.000,563941.000,747944615.000,747.945,1336997.393,0,copy,0,none,0,100
kafka,confluent_librdkafka,google_speed,produce,one_string_ten_int64,10,1000000,49,704325225.000,31917149.000,736242374.000,736.242,1358248.364,0,copy,0,none,0,100
kafka,confluent_librdkafka,google_speed,produce,one_string_ten_int64,1,1000000,49,40814405264.000,4420404407.000,45234809671.000,45234.810,22106.869,0,copy,0,none,5,1
kafka,confluent_librdkafka,google_speed,produce,one_string_ten_int64,2,1000000,49,40021342747.000,4456083113.000,44477425860.000,44477.426,22483.316,0,copy,0,none,5,1
kafka,confluent_librdkafka,google_speed,produce,one_string_ten_int64,3,1000000,49,40217968391.000,4453915694.000,44671884085.000,44671.884,22385.445,0,copy,0,none,5,1
kafka,confluent_librdkafka,google_speed,produce,one_string_ten_int64,4,1000000,49,40238345545.000,4413963240.000,44652308785.000,44652.309,22395.259,0,copy,0,none,5,1
kafka,confluent_librdkafka,google_speed,produce,one_string_ten_int64,5,1000000,49,40036681604.000,4393499370.000,44430180974.000,44430.181,22507.223,0,copy,0,none,5,1
kafka,confluent_librdkafka,google_speed,produce,one_string_ten_int64,6,1000000,49,40395539843.000,4474996989.000,44870536832.000,44870.537,22286.339,0,copy,0,none,5,1
kafka,confluent_librdkafka,google_speed,produce,one_string_ten_int64,7,1000000,49,40192017178.000,4475755840.000,44667773018.000,44667.773,22387.505,0,copy,0,none,5,1
kafka,confluent_librdkafka,google_speed,produce,one_string_ten_int64,8,1000000,49,40115042438.000,4420032730.000,44535075168.000,44535.075,22454.212,0,copy,0,none,5,1
kafka,confluent_librdkafka,google_speed,produce,one_string_ten_int64,9,1000000,49,40131019601.000,4433854986.000,44564874587.000,44564.875,22439.197,0,copy,0,none,5,1
kafka,confluent_librdkafka,google_speed,produce,one_string_ten_int64,10,1000000,49,40282023388.000,4442153232.000,44724176620.000,44724.177,22359.271,0,copy,0,none,5,1
kafka,confluent_librdkafka,google_speed,produce,one_string_ten_int64,1,1000000,49,1670575593.000,2052476.000,1672628069.000,1672.628,597861.544,0,copy,0,none,5,100
kafka,confluent_librdkafka,google_speed,produce,one_string_ten_int64,2,1000000,49,700177199.000,5046663.000,705223862.000,705.224,1417989.455,0,copy,0,none,5,100
kafka,confluent_librdkafka,google_speed,produce,one_string_ten_int64,3,1000000,49,732336586.000,306813.000,732643399.000,732.643,1364920.508,0,copy,0,none,5,100
kafka,confluent_librdkafka,google_speed,produce,one_string_ten_int64,4,1000000,49,743360043.000,2812562.000,746172605.000,746.173,1340172.493,0,copy,0,none,5,100
kafka,confluent_librdkafka,google_speed,produce,one_string_ten_int64,5,1000000,49,719707446.000,1321273.000,721028719.000,721.029,1386907.308,0,copy,0,none,5,100
kafka,confluent_librdkafka,google_speed,produce,one_string_ten_int64,6,1000000,49,699381667.000,760968.000,700142635.000,700.143,1428280.396,0,copy,0,none,5,100
kafka,confluent_librdkafka,google_speed,produce,one_string_ten_int64,7,1000000,49,638237759.000,14273530.000,652511289.000,652.511,1532540.535,0,copy,0,none,5,100
kafka,confluent_librdkafka,google_speed,produce,one_string_ten_int64,8,1000000,49,744955509.000,1256536.000,746212045.000,746.212,1340101.660,0,copy,0,none,5,100
kafka,confluent_librdkafka,google_speed,produce,one_string_ten_int64,9,1000000,49,656767600.000,930543.000,657698143.000,657.698,1520454.346,0,copy,0,none,5,100
kafka,confluent_librdkafka,google_speed,produce,one_string_ten_int64,10,1000000,49,649470022.000,1364588.000,650834610.000,650.835,1536488.663,0,copy,0,none,5,100
kafka,confluent_librdkafka,google_speed,produce,one_string_ten_int64,1,1000000,49,42331203044.000,4556406828.000,46887609872.000,46887.610,21327.596,0,copy,0,lz4,0,1
kafka,confluent_librdkafka,google_speed,produce,one_string_ten_int64,2,1000000,49,41429486248.000,4565355443.000,45994841691.000,45994.842,21741.568,0,copy,0,lz4,0,1
kafka,confluent_librdkafka,google_speed,produce,one_string_ten_int64,3,1000000,49,41700970938.000,4607284370.000,46308255308.000,46308.255,21594.422,0,copy,0,lz4,0,1
kafka,confluent_librdkafka,google_speed,produce,one_string_ten_int64,4,1000000,49,41553308724.000,4580923435.000,46134232159.000,46134.232,21675.878,0,copy,0,lz4,0,1
kafka,confluent_librdkafka,google_speed,produce,one_string_ten_int64,5,1000000,49,41450382885.000,4583657438.000,46034040323.000,46034.040,21723.055,0,copy,0,lz4,0,1
kafka,confluent_librdkafka,google_speed,produce,one_string_ten_int64,6,1000000,49,41658488970.000,4631533965.000,46290022935.000,46290.023,21602.927,0,copy,0,lz4,0,1
kafka,confluent_librdkafka,google_speed,produce,one_string_ten_int64,7,1000000,49,41601261777.000,4625405315.000,46226667092.000,46226.667,21632.535,0,copy,0,lz4,0,1
kafka,confluent_librdkafka,google_speed,produce,one_string_ten_int64,8,1000000,49,41422113577.000,4567665006.000,45989778583.000,45989.779,21743.962,0,copy,0,lz4,0,1
kafka,confluent_librdkafka,google_speed,produce,one_string_ten_int64,9,1000000,49,41701839794.000,4636463215.000,46338303009.000,46338.303,21580.419,0,copy,0,lz4,0,1
kafka,confluent_librdkafka,google_speed,produce,one_string_ten_int64,10,1000000,49,41680118486.000,4633888567.000,46314007053.000,46314.007,21591.740,0,copy,0,lz4,0,1
kafka,confluent_librdkafka,google_speed,produce,one_string_ten_int64,1,1000000,49,1703550012.000,44010454.000,1747560466.000,1747.560,572226.266,0,copy,0,lz4,0,100
kafka,confluent_librdkafka,google_speed,produce,one_string_ten_int64,2,1000000,49,701789025.000,27697157.000,729486182.000,729.486,1370827.885,0,copy,0,lz4,0,100
kafka,confluent_librdkafka,google_speed,produce,one_string_ten_int64,3,1000000,49,728354615.000,1187892.000,729542507.000,729.543,1370722.049,0,copy,0,lz4,0,100
kafka,confluent_librdkafka,google_speed,produce,one_string_ten_int64,4,1000000,49,821901050.000,1859005.000,823760055.000,823.760,1213945.728,0,copy,0,lz4,0,100
kafka,confluent_librdkafka,google_speed,produce,one_string_ten_int64,5,1000000,49,702899893.000,705814.000,703605707.000,703.606,1421250.553,0,copy,0,lz4,0,100
kafka,confluent_librdkafka,google_speed,produce,one_string_ten_int64,6,1000000,49,804422311.000,415777.000,804838088.000,804.838,1242485.930,0,copy,0,lz4,0,100
kafka,confluent_librdkafka,google_speed,produce,one_string_ten_int64,7,1000000,49,779751027.000,1075212.000,780826239.000,780.826,1280694.667,0,copy,0,lz4,0,100
kafka,confluent_librdkafka,google_speed,produce,one_string_ten_int64,8,1000000,49,787821580.000,3603446.000,791425026.000,791.425,1263543.567,0,copy,0,lz4,0,100
kafka,confluent_librdkafka,google_speed,produce,one_string_ten_int64,9,1000000,49,714639110.000,1631171.000,716270281.000,716.270,1396121.027,0,copy,0,lz4,0,100
kafka,confluent_librdkafka,google_speed,produce,one_string_ten_int64,10,1000000,49,695523426.000,434605.000,695958031.000,695.958,1436868.253,0,copy,0,lz4,0,100
kafka,confluent_librdkafka,google_speed,produce,one_string_ten_int64,1,1000000,49,42196597103.000,4564636922.000,46761234025.000,46761.234,21385.235,0,copy,0,lz4,5,1
kafka,confluent_librdkafka,google_speed,produce,one_string_ten_int64,2,1000000,49,41303264654.000,4571930465.000,45875195119.000,45875.195,21798.272,0,copy,0,lz4,5,1
kafka,confluent_librdkafka,google_speed,produce,one_string_ten_int64,3,1000000,49,41148008017.000,4561442205.000,45709450222.000,45709.450,21877.314,0,copy,0,lz4,5,1
kafka,confluent_librdkafka,google_speed,produce,one_string_ten_int64,4,1000000,49,41298363037.000,4569473876.000,45867836913.000,45867.837,21801.769,0,copy,0,lz4,5,1
kafka,confluent_librdkafka,google_speed,produce,one_string_ten_int64,5,1000000,49,41267616294.000,4571541714.000,45839158008.000,45839.158,21815.409,0,copy,0,lz4,5,1
kafka,confluent_librdkafka,google_speed,produce,one_string_ten_int64,6,1000000,49,41084050513.000,4575525389.000,45659575902.000,45659.576,21901.211,0,copy,0,lz4,5,1
kafka,confluent_librdkafka,google_speed,produce,one_string_ten_int64,7,1000000,49,41304779448.000,4591704300.000,45896483748.000,45896.484,21788.161,0,copy,0,lz4,5,1
kafka,confluent_librdkafka,google_speed,produce,one_string_ten_int64,8,1000000,49,41401455471.000,4540969008.000,45942424479.000,45942.424,21766.374,0,copy,0,lz4,5,1
kafka,confluent_librdkafka,google_speed,produce,one_string_ten_int64,9,1000000,49,41364814880.000,4548008740.000,45912823620.000,45912.824,21780.407,0,copy,0,lz4,5,1
kafka,confluent_librdkafka,google_speed,produce,one_string_ten_int64,10,1000000,49,41431123063.000,4553109481.000,45984232544.000,45984.233,21746.585,0,copy,0,lz4,5,1
kafka,confluent_librdkafka,google_speed,produce,one_string_ten_int64,1,1000000,49,1710670438.000,531571.000,1711202009.000,1711.202,584384.541,0,copy,0,lz4,5,100
kafka,confluent_librdkafka,google_speed,produce,one_string_ten_int64,2,1000000,49,696842762.000,872316.000,697715078.000,697.715,1433249.806,0,copy,0,lz4,5,100
kafka,confluent_librdkafka,google_speed,produce,one_string_ten_int64,3,1000000,49,704093428.000,968181.000,705061609.000,705.062,1418315.772,0,copy,0,lz4,5,100
kafka,confluent_librdkafka,google_speed,produce,one_string_ten_int64,4,1000000,49,691034781.000,625444.000,691660225.000,691.660,1445796.598,0,copy,0,lz4,5,100
kafka,confluent_librdkafka,google_speed,produce,one_string_ten_int64,5,1000000,49,696126371.000,2338177.000,698464548.000,698.465,1431711.893,0,copy,0,lz4,5,100
kafka,confluent_librdkafka,google_speed,produce,one_string_ten_int64,6,1000000,49,706820632.000,933618.000,707754250.000,707.754,1412919.809,0,copy,0,lz4,5,100
kafka,confluent_librdkafka,google_speed,produce,one_string_ten_int64,7,1000000,49,696926718.000,729170.000,697655888.000,697.656,1433371.404,0,copy,0,lz4,5,100
kafka,confluent_librdkafka,google_speed,produce,one_string_ten_int64,8,1000000,49,703259720.000,999818.000,704259538.000,704.260,1419931.071,0,copy,0,lz4,5,100
kafka,confluent_librdkafka,google_speed,produce,one_string_ten_int64,9,1000000,49,678189636.000,1911063.000,680100699.000,680.101,1470370.493,0,copy,0,lz4,5,100
kafka,confluent_librdkafka,google_speed,produce,one_string_ten_int64,10,1000000,49,708982938.000,3073405.000,712056343.000,712.056,1404383.248,0,copy,0,lz4,5,100
kafka,confluent_librdkafka,google_speed,produce,one_string_ten_int64,1,1000000,49,45624828847.000,4937490044.000,50562318891.000,50562.319,19777.574,0,copy,0,zstd,0,1
kafka,confluent_librdkafka,google_speed,produce,one_string_ten_int64,2,1000000,49,45019457325.000,4991478789.000,50010936114.000,50010.936,19995.627,0,copy,0,zstd,0,1
kafka,confluent_librdkafka,google_speed,produce,one_string_ten_int64,3,1000000,49,45053778129.000,4994234028.000,50048012157.000,50048.012,19980.814,0,copy,0,zstd,0,1
kafka,confluent_librdkafka,google_speed,produce,one_string_ten_int64,4,1000000,49,45233377931.000,4964965795.000,50198343726.000,50198.344,19920.976,0,copy,0,zstd,0,1
kafka,confluent_librdkafka,google_speed,produce,one_string_ten_int64,5,1000000,49,45025614890.000,4984036568.000,50009651458.000,50009.651,19996.140,0,copy,0,zstd,0,1
kafka,confluent_librdkafka,google_speed,produce,one_string_ten_int64,6,1000000,49,45172264526.000,5010404595.000,50182669121.000,50182.669,19927.198,0,copy,0,zstd,0,1
kafka,confluent_librdkafka,google_speed,produce,one_string_ten_int64,7,1000000,49,45281558562.000,4998427868.000,50279986430.000,50279.986,19888.629,0,copy,0,zstd,0,1
kafka,confluent_librdkafka,google_speed,produce,one_string_ten_int64,8,1000000,49,45291510168.000,5042645301.000,50334155469.000,50334.155,19867.225,0,copy,0,zstd,0,1
kafka,confluent_librdkafka,google_speed,produce,one_string_ten_int64,9,1000000,49,45227018467.000,4951999544.000,50179018011.000,50179.018,19928.648,0,copy,0,zstd,0,1
kafka,confluent_librdkafka,google_speed,produce,one_string_ten_int64,10,1000000,49,45264247961.000,5025736183.000,50289984144.000,50289.984,19884.675,0,copy,0,zstd,0,1
kafka,confluent_librdkafka,google_speed,produce,one_string_ten_int64,1,1000000,49,55776715845.000,5962247727.000,61738963572.000,61738.964,16197.227,0,copy,1,none,0,1
kafka,confluent_librdkafka,google_speed,produce,one_string_ten_int64,2,1000000,49,52301357149.000,5749665340.000,58051022489.000,58051.022,17226.225,0,copy,1,none,0,1
kafka,confluent_librdkafka,google_speed,produce,one_string_ten_int64,3,1000000,49,51807936502.000,5703036793.000,57510973295.000,57510.973,17387.986,0,copy,1,none,0,1
kafka,confluent_librdkafka,google_speed,produce,one_string_ten_int64,4,1000000,49,51097927629.000,5981830520.000,57079758149.000,57079.758,17519.345,0,copy,1,none,0,1
kafka,confluent_librdkafka,google_speed,produce,one_string_ten_int64,5,1000000,49,52046234030.000,5738993476.000,57785227506.000,57785.228,17305.461,0,copy,1,none,0,1
kafka,confluent_librdkafka,google_speed,produce,one_string_ten_int64,6,1000000,49,52624766145.000,5796255957.000,58421022102.000,58421.022,17117.126,0,copy,1,none,0,1
kafka,confluent_librdkafka,google_speed,produce,one_string_ten_int64,7,1000000,49,52090364037.000,5910949316.000,58001313353.000,58001.313,17240.989,0,copy,1,none,0,1
kafka,confluent_librdkafka,google_speed,produce,one_string_ten_int64,8,1000000,49,52146319411.000,5800020007.000,57946339418.000,57946.339,17257.346,0,copy,1,none,0,1
kafka,confluent_librdkafka,google_speed,produce,one_string_ten_int64,9,1000000,49,52302043694.000,5741063773.000,58043107467.000,58043.107,17228.574,0,copy,1,none,0,1
kafka,confluent_librdkafka,google_speed,produce,one_string_ten_int64,10,1000000,49,52041192390.000,5673027076.000,57714219466.000,57714.219,17326.753,0,copy,1,none,0,1
kafka,confluent_librdkafka,google_speed,produce,one_string_ten_int64,1,1000000,49,2136525504.000,83706340.000,2220231844.000,2220.232,450403.413,0,copy,1,zstd,0,100
kafka,confluent_librdkafka,google_speed,produce,one_string_ten_int64,2,1000000,49,1017265828.000,82619805.000,1099885633.000,1099.886,909185.437,0,copy,1,zstd,0,100
kafka,confluent_librdkafka,google_speed,produce,one_string_ten_int64,3,1000000,49,1036832322.000,85100472.000,1121932794.000,1121.933,891318.986,0,copy,1,zstd,0,100
kafka,confluent_librdkafka,google_speed,produce,one_string_ten_int64,4,1000000,49,1035847977.000,76234173.000,1112082150.000,1112.082,899214.145,0,copy,1,zstd,0,100
kafka,confluent_librdkafka,google_speed,produce,one_string_ten_int64,5,1000000,49,1033101939.000,69316925.000,1102418864.000,1102.419,907096.234,0,copy,1,zstd,0,100
kafka,confluent_librdkafka,google_speed,produce,one_string_ten_int64,6,1000000,49,992596876.000,80281549.000,1072878425.000,1072.878,932072.057,0,copy,1,zstd,0,100
kafka,confluent_librdkafka,google_speed,produce,one_string_ten_int64,7,1000000,49,1021600192.000,76442623.000,1098042815.000,1098.043,910711.300,0,copy,1,zstd,0,100
kafka,confluent_librdkafka,google_speed,produce,one_string_ten_int64,8,1000000,49,997120425.000,70624462.000,1067744887.000,1067.745,936553.302,0,copy,1,zstd,0,100
kafka,confluent_librdkafka,google_speed,produce,one_string_ten_int64,9,1000000,49,1073073386.000,81555896.000,1154629282.000,1154.629,866078.849,0,copy,1,zstd,0,100
kafka,confluent_librdkafka,google_speed,produce,one_string_ten_int64,10,1000000,49,1035892502.000,79205273.000,1115097775.000,1115.098,896782.347,0,copy,1,zstd,0,100
kafka,confluent_librdkafka,google_speed,produce,one_string_ten_int64,1,1000000,49,54294605566.000,5825863014.000,60120468580.000,60120.469,16633.270,0,copy,1,zstd,5,1
kafka,confluent_librdkafka,google_speed,produce,one_string_ten_int64,2,1000000,49,52507049328.000,5847569428.000,58354618756.000,58354.619,17136.604,0,copy,1,zstd,5,1
kafka,confluent_librdkafka,google_speed,produce,one_string_ten_int64,3,1000000,49,52705163206.000,5951279548.000,58656442754.000,58656.443,17048.426,0,copy,1,zstd,5,1
kafka,confluent_librdkafka,google_speed,produce,one_string_ten_int64,4,1000000,49,52919181691.000,5898111244.000,58817292935.000,58817.293,17001.803,0,copy,1,zstd,5,1
kafka,confluent_librdkafka,google_speed,produce,one_string_ten_int64,5,1000000,49,53020115896.000,5747137325.000,58767253221.000,58767.253,17016.279,0,copy,1,zstd,5,1
kafka,confluent_librdkafka,google_speed,produce,one_string_ten_int64,6,1000000,49,52886683201.000,5887281833.000,58773965034.000,58773.965,17014.336,0,copy,1,zstd,5,1
kafka,confluent_librdkafka,google_speed,produce,one_string_ten_int64,7,1000000,49,52714894361.000,5831474871.000,58546369232.000,58546.369,17080.478,0,copy,1,zstd,5,1
kafka,confluent_librdkafka,google_speed,produce,one_string_ten_int64,8,1000000,49,52900310434.000,5802597043.000,58702907477.000,58702.907,17034.931,0,copy,1,zstd,5,1
kafka,confluent_librdkafka,google_speed,produce,one_string_ten_int64,9,1000000,49,52451478127.000,5792781019.000,58244259146.000,58244.259,17169.074,0,copy,1,zstd,5,1
kafka,confluent_librdkafka,google_speed,produce,one_string_ten_int64,10,1000000,49,52325911474.000,5764730612.000,58090642086.000,58090.642,17214.477,0,copy,1,zstd,5,1
kafka,confluent_librdkafka,google_speed,produce,one_string_ten_int64,1,1000000,49,2171117885.000,90172091.000,2261289976.000,2261.290,442225.460,0,copy,1,zstd,5,100
kafka,confluent_librdkafka,google_speed,produce,one_string_ten_int64,2,1000000,49,1172767970.000,89063068.000,1261831038.000,1261.831,792499.130,0,copy,1,zstd,5,100
kafka,confluent_librdkafka,google_speed,produce,one_string_ten_int64,3,1000000,49,1175186591.000,97702209.000,1272888800.000,1272.889,785614.580,0,copy,1,zstd,5,100
kafka,confluent_librdkafka,google_speed,produce,one_string_ten_int64,4,1000000,49,1188892596.000,91819116.000,1280711712.000,1280.712,780815.847,0,copy,1,zstd,5,100
kafka,confluent_librdkafka,google_speed,produce,one_string_ten_int64,5,1000000,49,1171667303.000,93806077.000,1265473380.000,1265.473,790218.124,0,copy,1,zstd,5,100
kafka,confluent_librdkafka,google_speed,produce,one_string_ten_int64,6,1000000,49,1119631250.000,87617904.000,1207249154.000,1207.249,828329.427,0,copy,1,zstd,5,100
kafka,confluent_librdkafka,google_speed,produce,one_string_ten_int64,7,1000000,49,1177552882.000,86215817.000,1263768699.000,1263.769,791284.039,0,copy,1,zstd,5,100
kafka,confluent_librdkafka,google_speed,produce,one_string_ten_int64,8,1000000,49,1159384111.000,88387444.000,1247771555.000,1247.772,801428.752,0,copy,1,zstd,5,100
kafka,confluent_librdkafka,google_speed,produce,one_string_ten_int64,9,1000000,49,1124884817.000,85121297.000,1210006114.000,1210.006,826442.105,0,copy,1,zstd,5,100
kafka,confluent_librdkafka,google_speed,produce,one_string_ten_int64,10,1000000,49,1179571722.000,87428185.000,1266999907.000,1267.000,789266.041,0,copy,1,zstd,5,100
kafka,confluent_librdkafka,google_speed,produce,one_string_ten_int64,1,1000000,49,2015335770.000,28318243.000,2043654013.000,2043.654,489319.618,0,copy,1,none,0,100
kafka,confluent_librdkafka,google_speed,produce,one_string_ten_int64,2,1000000,49,906180685.000,36328520.000,942509205.000,942.509,1060997.595,0,copy,1,none,0,100
kafka,confluent_librdkafka,google_speed,produce,one_string_ten_int64,3,1000000,49,935723935.000,12516868.000,948240803.000,948.241,1054584.444,0,copy,1,none,0,100
kafka,confluent_librdkafka,google_speed,produce,one_string_ten_int64,4,1000000,49,917265937.000,31468977.000,948734914.000,948.735,1054035.205,0,copy,1,none,0,100
kafka,confluent_librdkafka,google_speed,produce,one_string_ten_int64,5,1000000,49,905293805.000,10491208.000,915785013.000,915.785,1091959.342,0,copy,1,none,0,100
kafka,confluent_librdkafka,google_speed,produce,one_string_ten_int64,6,1000000,49,938439788.000,33782328.000,972222116.000,972.222,1028571.541,0,copy,1,none,0,100
kafka,confluent_librdkafka,google_speed,produce,one_string_ten_int64,7,1000000,49,942061714.000,31962395.000,974024109.000,974.024,1026668.632,0,copy,1,none,0,100
kafka,confluent_librdkafka,google_speed,produce,one_string_ten_int64,8,1000000,49,951625379.000,26557774.000,978183153.000,978.183,1022303.438,0,copy,1,none,0,100
kafka,confluent_librdkafka,google_speed,produce,one_string_ten_int64,9,1000000,49,926785287.000,27029231.000,953814518.000,953.815,1048421.869,0,copy,1,none,0,100
kafka,confluent_librdkafka,google_speed,produce,one_string_ten_int64,10,1000000,49,941009014.000,18153172.000,959162186.000,959.162,1042576.547,0,copy,1,none,0,100
kafka,confluent_librdkafka,google_speed,produce,one_string_ten_int64,1,1000000,49,52611637861.000,5731961516.000,58343599377.000,58343.599,17139.841,0,copy,1,none,5,1
kafka,confluent_librdkafka,google_speed,produce,one_string_ten_int64,2,1000000,49,52549233699.000,5691075725.000,58240309424.000,58240.309,17170.238,0,copy,1,none,5,1
kafka,confluent_librdkafka,google_speed,produce,one_string_ten_int64,3,1000000,49,53232835354.000,5811308222.000,59044143576.000,59044.144,16936.481,0,copy,1,none,5,1
kafka,confluent_librdkafka,google_speed,produce,one_string_ten_int64,4,1000000,49,53077379680.000,5739477308.000,58816856988.000,58816.857,17001.929,0,copy,1,none,5,1
kafka,confluent_librdkafka,google_speed,produce,one_string_ten_int64,5,1000000,49,52986751202.000,5797374247.000,58784125449.000,58784.125,17011.395,0,copy,1,none,5,1
kafka,confluent_librdkafka,google_speed,produce,one_string_ten_int64,6,1000000,49,52072631855.000,5689285570.000,57761917425.000,57761.917,17312.445,0,copy,1,none,5,1
kafka,confluent_librdkafka,google_speed,produce,one_string_ten_int64,7,1000000,49,52206945920.000,5781902074.000,57988847994.000,57988.848,17244.695,0,copy,1,none,5,1
kafka,confluent_librdkafka,google_speed,produce,one_string_ten_int64,8,1000000,49,51077954132.000,5580318172.000,56658272304.000,56658.272,17649.673,0,copy,1,none,5,1
kafka,confluent_librdkafka,google_speed,produce,one_string_ten_int64,9,1000000,49,52340430745.000,5793904968.000,58134335713.000,58134.336,17201.538,0,copy,1,none,5,1
kafka,confluent_librdkafka,google_speed,produce,one_string_ten_int64,10,1000000,49,51630519729.000,5653132550.000,57283652279.000,57283.652,17456.987,0,copy,1,none,5,1
kafka,confluent_librdkafka,google_speed,produce,one_string_ten_int64,1,1000000,49,1905660977.000,67802391.000,1973463368.000,1973.463,506723.366,0,copy,1,none,5,100
kafka,confluent_librdkafka,google_speed,produce,one_string_ten_int64,2,1000000,49,839734588.000,738996.000,840473584.000,840.474,1189805.390,0,copy,1,none,5,100
kafka,confluent_librdkafka,google_speed,produce,one_string_ten_int64,3,1000000,49,831265494.000,687772.000,831953266.000,831.953,1201990.594,0,copy,1,none,5,100
kafka,confluent_librdkafka,google_speed,produce,one_string_ten_int64,4,1000000,49,830984788.000,2053313.000,833038101.000,833.038,1200425.285,0,copy,1,none,5,100
kafka,confluent_librdkafka,google_speed,produce,one_string_ten_int64,5,1000000,49,798747918.000,1816532.000,800564450.000,800.564,1249118.669,0,copy,1,none,5,100
kafka,confluent_librdkafka,google_speed,produce,one_string_ten_int64,6,1000000,49,846373242.000,870667.000,847243909.000,847.244,1180297.656,0,copy,1,none,5,100
kafka,confluent_librdkafka,google_speed,produce,one_string_ten_int64,7,1000000,49,812212229.000,2265349.000,814477578.000,814.478,1227780.883,0,copy,1,none,5,100
kafka,confluent_librdkafka,google_speed,produce,one_string_ten_int64,8,1000000,49,825188786.000,1124762.000,826313548.000,826.314,1210194.366,0,copy,1,none,5,100
kafka,confluent_librdkafka,google_speed,produce,one_string_ten_int64,9,1000000,49,843043751.000,798348.000,843842099.000,843.842,1185055.831,0,copy,1,none,5,100
kafka,confluent_librdkafka,google_speed,produce,one_string_ten_int64,10,1000000,49,805137766.000,3031102.000,808168868.000,808.169,1237365.159,0,copy,1,none,5,100
kafka,confluent_librdkafka,google_speed,produce,one_string_ten_int64,1,1000000,49,52622018522.000,5714459473.000,58336477995.000,58336.478,17141.933,0,copy,1,lz4,0,1
kafka,confluent_librdkafka,google_speed,produce,one_string_ten_int64,2,1000000,49,53218914013.000,5988134863.000,59207048876.000,59207.049,16889.881,0,copy,1,lz4,0,1
kafka,confluent_librdkafka,google_speed,produce,one_string_ten_int64,3,1000000,49,53073320936.000,5984059925.000,59057380861.000,59057.381,16932.685,0,copy,1,lz4,0,1
kafka,confluent_librdkafka,google_speed,produce,one_string_ten_int64,4,1000000,49,52478119806.000,5713696267.000,58191816073.000,58191.816,17184.547,0,copy,1,lz4,0,1
kafka,confluent_librdkafka,google_speed,produce,one_string_ten_int64,5,1000000,49,51544103650.000,5653036442.000,57197140092.000,57197.140,17483.392,0,copy,1,lz4,0,1
kafka,confluent_librdkafka,google_speed,produce,one_string_ten_int64,6,1000000,49,51447142234.000,5795236321.000,57242378555.000,57242.379,17469.575,0,copy,1,lz4,0,1
kafka,confluent_librdkafka,google_speed,produce,one_string_ten_int64,7,1000000,49,51375239553.000,5664872058.000,57040111611.000,57040.112,17531.522,0,copy,1,lz4,0,1
kafka,confluent_librdkafka,google_speed,produce,one_string_ten_int64,8,1000000,49,50930510311.000,5643690507.000,56574200818.000,56574.201,17675.901,0,copy,1,lz4,0,1
kafka,confluent_librdkafka,google_speed,produce,one_string_ten_int64,9,1000000,49,51733101921.000,5747777743.000,57480879664.000,57480.880,17397.089,0,copy,1,lz4,0,1
kafka,confluent_librdkafka,google_speed,produce,one_string_ten_int64,10,1000000,49,51539320085.000,5741436250.000,57280756335.000,57280.756,17457.870,0,copy,1,lz4,0,1
kafka,confluent_librdkafka,google_speed,produce,one_string_ten_int64,1,1000000,49,2007022959.000,73104724.000,2080127683.000,2080.128,480739.720,0,copy,1,lz4,0,100
kafka,confluent_librdkafka,google_speed,produce,one_string_ten_int64,2,1000000,49,969308541.000,98174822.000,1067483363.000,1067.483,936782.750,0,copy,1,lz4,0,100
kafka,confluent_librdkafka,google_speed,produce,one_string_ten_int64,3,1000000,49,1022081918.000,97939609.000,1120021527.000,1120.022,892839.982,0,copy,1,lz4,0,100
kafka,confluent_librdkafka,google_speed,produce,one_string_ten_int64,4,1000000,49,1030091908.000,93067878.000,1123159786.000,1123.160,890345.267,0,copy,1,lz4,0,100
kafka,confluent_librdkafka,google_speed,produce,one_string_ten_int64,5,1000000,49,1033397466.000,104098550.000,1137496016.000,1137.496,879123.958,0,copy,1,lz4,0,100
kafka,confluent_librdkafka,google_speed,produce,one_string_ten_int64,6,1000000,49,1024282371.000,97182118.000,1121464489.000,1121.464,891691.186,0,copy,1,lz4,0,100
kafka,confluent_librdkafka,google_speed,produce,one_string_ten_int64,7,1000000,49,1015668698.000,108311546.000,1123980244.000,1123.980,889695.353,0,copy,1,lz4,0,100
kafka,confluent_librdkafka,google_speed,produce,one_string_ten_int64,8,1000000,49,1081896371.000,109334197.000,1191230568.000,1191.231,839468.048,0,copy,1,lz4,0,100
kafka,confluent_librdkafka,google_speed,produce,one_string_ten_int64,9,1000000,49,1015135566.000,84558876.000,1099694442.000,1099.694,909343.507,0,copy,1,lz4,0,100
kafka,confluent_librdkafka,google_speed,produce,one_string_ten_int64,10,1000000,49,995311770.000,83269335.000,1078581105.000,1078.581,927144.000,0,copy,1,lz4,0,100
kafka,confluent_librdkafka,google_speed,produce,one_string_ten_int64,1,1000000,49,52426571882.000,5631236584.000,58057808466.000,58057.808,17224.212,0,copy,1,lz4,5,1
kafka,confluent_librdkafka,google_speed,produce,one_string_ten_int64,2,1000000,49,51324007465.000,5780752053.000,57104759518.000,57104.760,17511.675,0,copy,1,lz4,5,1
kafka,confluent_librdkafka,google_speed,produce,one_string_ten_int64,3,1000000,49,51120730320.000,5654790816.000,56775521136.000,56775.521,17613.225,0,copy,1,lz4,5,1
kafka,confluent_librdkafka,google_speed,produce,one_string_ten_int64,4,1000000,49,50596824672.000,5720505874.000,56317330546.000,56317.331,17756.523,0,copy,1,lz4,5,1
kafka,confluent_librdkafka,google_speed,produce,one_string_ten_int64,5,1000000,49,50580191561.000,5645316018.000,56225507579.000,56225.508,17785.522,0,copy,1,lz4,5,1
kafka,confluent_librdkafka,google_speed,produce,one_string_ten_int64,6,1000000,49,51365038795.000,5886441383.000,57251480178.000,57251.480,17466.797,0,copy,1,lz4,5,1
kafka,confluent_librdkafka,google_speed,produce,one_string_ten_int64,7,1000000,49,52284110141.000,5726793971.000,58010904112.000,58010.904,17238.139,0,copy,1,lz4,5,1
kafka,confluent_librdkafka,google_speed,produce,one_string_ten_int64,8,1000000,49,51736470159.000,5714592211.000,57451062370.000,57451.062,17406.119,0,copy,1,lz4,5,1
kafka,confluent_librdkafka,google_speed,produce,one_string_ten_int64,9,1000000,49,51489561668.000,5684670636.000,57174232304.000,57174.232,17490.397,0,copy,1,lz4,5,1
kafka,confluent_librdkafka,google_speed,produce,one_string_ten_int64,10,1000000,49,50945050123.000,5646072723.000,56591122846.000,56591.123,17670.616,0,copy,1,lz4,5,1
kafka,confluent_librdkafka,google_speed,produce,one_string_ten_int64,1,1000000,49,1865955744.000,60479337.000,1926435081.000,1926.435,519093.537,0,copy,1,lz4,5,100
kafka,confluent_librdkafka,google_speed,produce,one_string_ten_int64,2,1000000,49,858173547.000,849412.000,859022959.000,859.023,1164113.240,0,copy,1,lz4,5,100
kafka,confluent_librdkafka,google_speed,produce,one_string_ten_int64,3,1000000,49,820103828.000,1994671.000,822098499.000,822.098,1216399.253,0,copy,1,lz4,5,100
kafka,confluent_librdkafka,google_speed,produce,one_string_ten_int64,4,1000000,49,759588556.000,1831881.000,761420437.000,761.420,1313334.856,0,copy,1,lz4,5,100
kafka,confluent_librdkafka,google_speed,produce,one_string_ten_int64,5,1000000,49,830768652.000,1346173.000,832114825.000,832.115,1201757.221,0,copy,1,lz4,5,100
kafka,confluent_librdkafka,google_speed,produce,one_string_ten_int64,6,1000000,49,835351650.000,975034.000,836326684.000,836.327,1195705.003,0,copy,1,lz4,5,100
kafka,confluent_librdkafka,google_speed,produce,one_string_ten_int64,7,1000000,49,835150470.000,386477.000,835536947.000,835.537,1196835.165,0,copy,1,lz4,5,100
kafka,confluent_librdkafka,google_speed,produce,one_string_ten_int64,8,1000000,49,809852478.000,2646031.000,812498509.000,812.499,1230771.489,0,copy,1,lz4,5,100
kafka,confluent_librdkafka,google_speed,produce,one_string_ten_int64,9,1000000,49,769412753.000,1318061.000,770730814.000,770.731,1297469.858,0,copy,1,lz4,5,100
kafka,confluent_librdkafka,google_speed,produce,one_string_ten_int64,10,1000000,49,824695951.000,1945238.000,826641189.000,826.641,1209714.702,0,copy,1,lz4,5,100
kafka,confluent_librdkafka,google_speed,produce,one_string_ten_int64,1,1000000,49,53947457958.000,5915152494.000,59862610452.000,59862.610,16704.918,0,copy,1,zstd,0,1
kafka,confluent_librdkafka,google_speed,produce,one_string_ten_int64,2,1000000,49,52228864681.000,5773733680.000,58002598361.000,58002.598,17240.607,0,copy,1,zstd,0,1
kafka,confluent_librdkafka,google_speed,produce,one_string_ten_int64,3,1000000,49,51822582614.000,5800606442.000,57623189056.000,57623.189,17354.125,0,copy,1,zstd,0,1
kafka,confluent_librdkafka,google_speed,produce,one_string_ten_int64,4,1000000,49,52050580665.000,5776136981.000,57826717646.000,57826.718,17293.044,0,copy,1,zstd,0,1
kafka,confluent_librdkafka,google_speed,produce,one_string_ten_int64,5,1000000,49,52381400036.000,5784298377.000,58165698413.000,58165.698,17192.263,0,copy,1,zstd,0,1
kafka,confluent_librdkafka,google_speed,produce,one_string_ten_int64,6,1000000,49,52423764425.000,5813625596.000,58237390021.000,58237.390,17171.099,0,copy,1,zstd,0,1
kafka,confluent_librdkafka,google_speed,produce,one_string_ten_int64,7,1000000,49,52290000174.000,5861071882.000,58151072056.000,58151.072,17196.588,0,copy,1,zstd,0,1
kafka,confluent_librdkafka,google_speed,produce,one_string_ten_int64,8,1000000,49,52149322595.000,5779448075.000,57928770670.000,57928.771,17262.579,0,copy,1,zstd,0,1
kafka,confluent_librdkafka,google_speed,produce,one_string_ten_int64,9,1000000,49,52198208836.000,5826309193.000,58024518029.000,58024.518,17234.094,0,copy,1,zstd,0,1
kafka,confluent_librdkafka,google_speed,produce,one_string_ten_int64,10,1000000,49,52293792788.000,5744549897.000,58038342685.000,58038.343,17229.989,0,copy,1,zstd,0,1
kafka,confluent_librdkafka,google_speed,produce,one_string_ten_int64,1,1000000,49,94269583654.000,10007390356.000,104276974010.000,104276.974,9589.845,0,copy,all,none,0,1
kafka,confluent_librdkafka,google_speed,produce,one_string_ten_int64,2,1000000,49,90076082259.000,10066696831.000,100142779090.000,100142.779,9985.742,0,copy,all,none,0,1
kafka,confluent_librdkafka,google_speed,produce,one_string_ten_int64,3,1000000,49,92419762211.000,10410078959.000,102829841170.000,102829.841,9724.804,0,copy,all,none,0,1
kafka,confluent_librdkafka,google_speed,produce,one_string_ten_int64,4,1000000,49,93761919318.000,10499258608.000,104261177926.000,104261.178,9591.298,0,copy,all,none,0,1
kafka,confluent_librdkafka,google_speed,produce,one_string_ten_int64,5,1000000,49,94357677893.000,10402791015.000,104760468908.000,104760.469,9545.585,0,copy,all,none,0,1
kafka,confluent_librdkafka,google_speed,produce,one_string_ten_int64,6,1000000,49,93872278735.000,10439759245.000,104312037980.000,104312.038,9586.621,0,copy,all,none,0,1
kafka,confluent_librdkafka,google_speed,produce,one_string_ten_int64,7,1000000,49,93710527948.000,10336741149.000,104047269097.000,104047.269,9611.016,0,copy,all,none,0,1
kafka,confluent_librdkafka,google_speed,produce,one_string_ten_int64,8,1000000,49,93186524936.000,10384055768.000,103570580704.000,103570.581,9655.251,0,copy,all,none,0,1
kafka,confluent_librdkafka,google_speed,produce,one_string_ten_int64,9,1000000,49,93179304841.000,10511256289.000,103690561130.000,103690.561,9644.079,0,copy,all,none,0,1
kafka,confluent_librdkafka,google_speed,produce,one_string_ten_int64,10,1000000,49,93165630567.000,10264734718.000,103430365285.000,103430.365,9668.341,0,copy,all,none,0,1
kafka,confluent_librdkafka,google_speed,produce,one_string_ten_int64,1,1000000,49,2271767987.000,120785564.000,2392553551.000,2392.554,417963.477,0,copy,all,zstd,0,100
kafka,confluent_librdkafka,google_speed,produce,one_string_ten_int64,2,1000000,49,1163502483.000,124969015.000,1288471498.000,1288.471,776113.404,0,copy,all,zstd,0,100
kafka,confluent_librdkafka,google_speed,produce,one_string_ten_int64,3,1000000,49,1168745114.000,115825611.000,1284570725.000,1284.571,778470.177,0,copy,all,zstd,0,100
kafka,confluent_librdkafka,google_speed,produce,one_string_ten_int64,4,1000000,49,1177764437.000,123901299.000,1301665736.000,1301.666,768246.388,0,copy,all,zstd,0,100
kafka,confluent_librdkafka,google_speed,produce,one_string_ten_int64,5,1000000,49,1129144947.000,121344258.000,1250489205.000,1250.489,799687.031,0,copy,all,zstd,0,100
kafka,confluent_librdkafka,google_speed,produce,one_string_ten_int64,6,1000000,49,1220539541.000,123062180.000,1343601721.000,1343.602,744268.174,0,copy,all,zstd,0,100
kafka,confluent_librdkafka,google_speed,produce,one_string_ten_int64,7,1000000,49,1184322924.000,119413882.000,1303736806.000,1303.737,767025.979,0,copy,all,zstd,0,100
kafka,confluent_librdkafka,google_speed,produce,one_string_ten_int64,8,1000000,49,1168688947.000,122844266.000,1291533213.000,1291.533,774273.546,0,copy,all,zstd,0,100
kafka,confluent_librdkafka,google_speed,produce,one_string_ten_int64,9,1000000,49,1154137422.000,123928473.000,1278065895.000,1278.066,782432.270,0,copy,all,zstd,0,100
kafka,confluent_librdkafka,google_speed,produce,one_string_ten_int64,10,1000000,49,1165022011.000,121212265.000,1286234276.000,1286.234,777463.343,0,copy,all,zstd,0,100
kafka,confluent_librdkafka,google_speed,produce,one_string_ten_int64,1,1000000,49,92673125463.000,10079900707.000,102753026170.000,102753.026,9732.073,0,copy,all,zstd,5,1
kafka,confluent_librdkafka,google_speed,produce,one_string_ten_int64,2,1000000,49,91163671103.000,10013054299.000,101176725402.000,101176.725,9883.696,0,copy,all,zstd,5,1
kafka,confluent_librdkafka,google_speed,produce,one_string_ten_int64,3,1000000,49,91166600677.000,10113940155.000,101280540832.000,101280.541,9873.565,0,copy,all,zstd,5,1
kafka,confluent_librdkafka,google_speed,produce,one_string_ten_int64,4,1000000,49,91713482003.000,10111494324.000,101824976327.000,101824.976,9820.773,0,copy,all,zstd,5,1
kafka,confluent_librdkafka,google_speed,produce,one_string_ten_int64,5,1000000,49,91546975024.000,10173524079.000,101720499103.000,101720.499,9830.860,0,copy,all,zstd,5,1
kafka,confluent_librdkafka,google_speed,produce,one_string_ten_int64,6,1000000,49,91639687182.000,10210308663.000,101849995845.000,101849.996,9818.361,0,copy,all,zstd,5,1
kafka,confluent_librdkafka,google_speed,produce,one_string_ten_int64,7,1000000,49,91597468358.000,10113036506.000,101710504864.000,101710.505,9831.826,0,copy,all,zstd,5,1
kafka,confluent_librdkafka,google_speed,produce,one_string_ten_int64,8,1000000,49,91456853091.000,10099483723.000,101556336814.000,101556.337,9846.751,0,copy,all,zstd,5,1
kafka,confluent_librdkafka,google_speed,produce,one_string_ten_int64,9,1000000,49,91428790027.000,10217570961.000,101646360988.000,101646.361,9838.031,0,copy,all,zstd,5,1
kafka,confluent_librdkafka,google_speed,produce,one_string_ten_int64,10,1000000,49,91679668326.000,10229883849.000,101909552175.000,101909.552,9812.623,0,copy,all,zstd,5,1
kafka,confluent_librdkafka,google_speed,produce,one_string_ten_int64,1,1000000,49,2273319279.000,125464723.000,2398784002.000,2398.784,416877.884,0,copy,all,zstd,5,100
kafka,confluent_librdkafka,google_speed,produce,one_string_ten_int64,2,1000000,49,1346112320.000,123727825.000,1469840145.000,1469.840,680346.093,0,copy,all,zstd,5,100
kafka,confluent_librdkafka,google_speed,produce,one_string_ten_int64,3,1000000,49,1341434024.000,124497053.000,1465931077.000,1465.931,682160.311,0,copy,all,zstd,5,100
kafka,confluent_librdkafka,google_speed,produce,one_string_ten_int64,4,1000000,49,1275230373.000,122207853.000,1397438226.000,1397.438,715595.138,0,copy,all,zstd,5,100
kafka,confluent_librdkafka,google_speed,produce,one_string_ten_int64,5,1000000,49,1303010810.000,118620096.000,1421630906.000,1421.631,703417.459,0,copy,all,zstd,5,100
kafka,confluent_librdkafka,google_speed,produce,one_string_ten_int64,6,1000000,49,1344759361.000,121255052.000,1466014413.000,1466.014,682121.534,0,copy,all,zstd,5,100
kafka,confluent_librdkafka,google_speed,produce,one_string_ten_int64,7,1000000,49,1333295693.000,124058396.000,1457354089.000,1457.354,686175.040,0,copy,all,zstd,5,100
kafka,confluent_librdkafka,google_speed,produce,one_string_ten_int64,8,1000000,49,1216789788.000,120829499.000,1337619287.000,1337.619,747596.876,0,copy,all,zstd,5,100
kafka,confluent_librdkafka,google_speed,produce,one_string_ten_int64,9,1000000,49,1216117471.000,119646799.000,1335764270.000,1335.764,748635.087,0,copy,all,zstd,5,100
kafka,confluent_librdkafka,google_speed,produce,one_string_ten_int64,10,1000000,49,1253586934.000,122484904.000,1376071838.000,1376.072,726706.246,0,copy,all,zstd,5,100
kafka,confluent_librdkafka,google_speed,produce,one_string_ten_int64,1,1000000,49,2386742451.000,126435559.000,2513178010.000,2513.178,397902.574,0,copy,all,none,0,100
kafka,confluent_librdkafka,google_speed,produce,one_string_ten_int64,2,1000000,49,1067366187.000,124910437.000,1192276624.000,1192.277,838731.532,0,copy,all,none,0,100
kafka,confluent_librdkafka,google_speed,produce,one_string_ten_int64,3,1000000,49,1036363185.000,111790509.000,1148153694.000,1148.154,870963.535,0,copy,all,none,0,100
kafka,confluent_librdkafka,google_speed,produce,one_string_ten_int64,4,1000000,49,1056860074.000,118235309.000,1175095383.000,1175.095,850994.749,0,copy,all,none,0,100
kafka,confluent_librdkafka,google_speed,produce,one_string_ten_int64,5,1000000,49,1009074417.000,112428001.000,1121502418.000,1121.502,891661.029,0,copy,all,none,0,100
kafka,confluent_librdkafka,google_speed,produce,one_string_ten_int64,6,1000000,49,1084164394.000,121215417.000,1205379811.000,1205.380,829614.028,0,copy,all,none,0,100
kafka,confluent_librdkafka,google_speed,produce,one_string_ten_int64,7,1000000,49,1031043576.000,109253405.000,1140296981.000,1140.297,876964.525,0,copy,all,none,0,100
kafka,confluent_librdkafka,google_speed,produce,one_string_ten_int64,8,1000000,49,1010822143.000,122254480.000,1133076623.000,1133.077,882552.847,0,copy,all,none,0,100
kafka,confluent_librdkafka,google_speed,produce,one_string_ten_int64,9,1000000,49,1066575381.000,119145187.000,1185720568.000,1185.721,843369.026,0,copy,all,none,0,100
kafka,confluent_librdkafka,google_speed,produce,one_string_ten_int64,10,1000000,49,1017218871.000,116626259.000,1133845130.000,1133.845,881954.663,0,copy,all,none,0,100
kafka,confluent_librdkafka,google_speed,produce,one_string_ten_int64,1,1000000,49,91875383320.000,10209101530.000,102084484850.000,102084.485,9795.808,0,copy,all,none,5,1
kafka,confluent_librdkafka,google_speed,produce,one_string_ten_int64,2,1000000,49,91147227992.000,10277378043.000,101424606035.000,101424.606,9859.540,0,copy,all,none,5,1
kafka,confluent_librdkafka,google_speed,produce,one_string_ten_int64,3,1000000,49,91343403229.000,10164888358.000,101508291587.000,101508.292,9851.412,0,copy,all,none,5,1
kafka,confluent_librdkafka,google_speed,produce,one_string_ten_int64,4,1000000,49,90909628272.000,10008955783.000,100918584055.000,100918.584,9908.978,0,copy,all,none,5,1
kafka,confluent_librdkafka,google_speed,produce,one_string_ten_int64,5,1000000,49,90157892879.000,10054440573.000,100212333452.000,100212.333,9978.812,0,copy,all,none,5,1
kafka,confluent_librdkafka,google_speed,produce,one_string_ten_int64,6,1000000,49,90757218971.000,10020620358.000,100777839329.000,100777.839,9922.816,0,copy,all,none,5,1
kafka,confluent_librdkafka,google_speed,produce,one_string_ten_int64,7,1000000,49,90757630384.000,10089083911.000,100846714295.000,100846.714,9916.039,0,copy,all,none,5,1
kafka,confluent_librdkafka,google_speed,produce,one_string_ten_int64,8,1000000,49,90553046301.000,10127503485.000,100680549786.000,100680.550,9932.405,0,copy,all,none,5,1
kafka,confluent_librdkafka,google_speed,produce,one_string_ten_int64,9,1000000,49,90595690815.000,10015070176.000,100610760991.000,100610.761,9939.295,0,copy,all,none,5,1
kafka,confluent_librdkafka,google_speed,produce,one_string_ten_int64,10,1000000,49,90599899382.000,9992537837.000,100592437219.000,100592.437,9941.105,0,copy,all,none,5,1
kafka,confluent_librdkafka,google_speed,produce,one_string_ten_int64,1,1000000,49,2074188996.000,112643749.000,2186832745.000,2186.833,457282.342,0,copy,all,none,5,100
kafka,confluent_librdkafka,google_speed,produce,one_string_ten_int64,2,1000000,49,1013312022.000,113949410.000,1127261432.000,1127.261,887105.663,0,copy,all,none,5,100
kafka,confluent_librdkafka,google_speed,produce,one_string_ten_int64,3,1000000,49,1051206596.000,113743676.000,1164950272.000,1164.950,858405.740,0,copy,all,none,5,100
kafka,confluent_librdkafka,google_speed,produce,one_string_ten_int64,4,1000000,49,1005705632.000,110523355.000,1116228987.000,1116.229,895873.527,0,copy,all,none,5,100
kafka,confluent_librdkafka,google_speed,produce,one_string_ten_int64,5,1000000,49,1037990418.000,117949969.000,1155940387.000,1155.940,865096.515,0,copy,all,none,5,100
kafka,confluent_librdkafka,google_speed,produce,one_string_ten_int64,6,1000000,49,1054646908.000,117644969.000,1172291877.000,1172.292,853029.881,0,copy,all,none,5,100
kafka,confluent_librdkafka,google_speed,produce,one_string_ten_int64,7,1000000,49,1012609849.000,110590784.000,1123200633.000,1123.201,890312.889,0,copy,all,none,5,100
kafka,confluent_librdkafka,google_speed,produce,one_string_ten_int64,8,1000000,49,1013810633.000,114494143.000,1128304776.000,1128.305,886285.356,0,copy,all,none,5,100
kafka,confluent_librdkafka,google_speed,produce,one_string_ten_int64,9,1000000,49,1014687653.000,112605161.000,1127292814.000,1127.293,887080.967,0,copy,all,none,5,100
kafka,confluent_librdkafka,google_speed,produce,one_string_ten_int64,10,1000000,49,1024629529.000,110900254.000,1135529783.000,1135.530,880646.210,0,copy,all,none,5,100
kafka,confluent_librdkafka,google_speed,produce,one_string_ten_int64,1,1000000,49,92555543050.000,10201053880.000,102756596930.000,102756.597,9731.735,0,copy,all,lz4,0,1
kafka,confluent_librdkafka,google_speed,produce,one_string_ten_int64,2,1000000,49,91983351651.000,10167590610.000,102150942261.000,102150.942,9789.435,0,copy,all,lz4,0,1
kafka,confluent_librdkafka,google_speed,produce,one_string_ten_int64,3,1000000,49,91647539171.000,10179812946.000,101827352117.000,101827.352,9820.544,0,copy,all,lz4,0,1
kafka,confluent_librdkafka,google_speed,produce,one_string_ten_int64,4,1000000,49,91353692277.000,10249989197.000,101603681474.000,101603.681,9842.163,0,copy,all,lz4,0,1
kafka,confluent_librdkafka,google_speed,produce,one_string_ten_int64,5,1000000,49,91649575394.000,10161382361.000,101810957755.000,101810.958,9822.125,0,copy,all,lz4,0,1
kafka,confluent_librdkafka,google_speed,produce,one_string_ten_int64,6,1000000,49,91102253148.000,10134592311.000,101236845459.000,101236.845,9877.827,0,copy,all,lz4,0,1
kafka,confluent_librdkafka,google_speed,produce,one_string_ten_int64,7,1000000,49,91359690847.000,10101197868.000,101460888715.000,101460.889,9856.015,0,copy,all,lz4,0,1
kafka,confluent_librdkafka,google_speed,produce,one_string_ten_int64,8,1000000,49,91533116914.000,10164270060.000,101697386974.000,101697.387,9833.094,0,copy,all,lz4,0,1
kafka,confluent_librdkafka,google_speed,produce,one_string_ten_int64,9,1000000,49,91776340307.000,10220092349.000,101996432656.000,101996.433,9804.264,0,copy,all,lz4,0,1
kafka,confluent_librdkafka,google_speed,produce,one_string_ten_int64,10,1000000,49,91666102039.000,10166583698.000,101832685737.000,101832.686,9820.030,0,copy,all,lz4,0,1
kafka,confluent_librdkafka,google_speed,produce,one_string_ten_int64,1,1000000,49,2731160491.000,249439526.000,2980600017.000,2980.600,335502.917,0,copy,all,lz4,0,100
kafka,confluent_librdkafka,google_speed,produce,one_string_ten_int64,2,1000000,49,1834026338.000,303963601.000,2137989939.000,2137.990,467729.049,0,copy,all,lz4,0,100
kafka,confluent_librdkafka,google_speed,produce,one_string_ten_int64,3,1000000,49,1073244980.000,118536879.000,1191781859.000,1191.782,839079.730,0,copy,all,lz4,0,100
kafka,confluent_librdkafka,google_speed,produce,one_string_ten_int64,4,1000000,49,1112682089.000,158228934.000,1270911023.000,1270.911,786837.144,0,copy,all,lz4,0,100
kafka,confluent_librdkafka,google_speed,produce,one_string_ten_int64,5,1000000,49,1063354889.000,115314756.000,1178669645.000,1178.670,848414.146,0,copy,all,lz4,0,100
kafka,confluent_librdkafka,google_speed,produce,one_string_ten_int64,6,1000000,49,1148869203.000,138955522.000,1287824725.000,1287.825,776503.184,0,copy,all,lz4,0,100
kafka,confluent_librdkafka,google_speed,produce,one_string_ten_int64,7,1000000,49,1012833336.000,179766141.000,1192599477.000,1192.599,838504.476,0,copy,all,lz4,0,100
kafka,confluent_librdkafka,google_speed,produce,one_string_ten_int64,8,1000000,49,991786793.000,154747899.000,1146534692.000,1146.535,872193.408,0,copy,all,lz4,0,100
kafka,confluent_librdkafka,google_speed,produce,one_string_ten_int64,9,1000000,49,1004752393.000,138476358.000,1143228751.000,1143.229,874715.580,0,copy,all,lz4,0,100
kafka,confluent_librdkafka,google_speed,produce,one_string_ten_int64,10,1000000,49,1234715100.000,210837510.000,1445552610.000,1445.553,691776.967,0,copy,all,lz4,0,100
kafka,confluent_librdkafka,google_speed,produce,one_string_ten_int64,1,1000000,49,91682757187.000,10235277196.000,101918034383.000,101918.034,9811.806,0,copy,all,lz4,5,1
kafka,confluent_librdkafka,google_speed,produce,one_string_ten_int64,2,1000000,49,91797466977.000,10210914958.000,102008381935.000,102008.382,9803.116,0,copy,all,lz4,5,1
kafka,confluent_librdkafka,google_speed,produce,one_string_ten_int64,3,1000000,49,91402938383.000,10171533988.000,101574472371.000,101574.472,9844.993,0,copy,all,lz4,5,1
kafka,confluent_librdkafka,google_speed,produce,one_string_ten_int64,4,1000000,49,91600283363.000,10224547510.000,101824830873.000,101824.831,9820.787,0,copy,all,lz4,5,1
kafka,confluent_librdkafka,google_speed,produce,one_string_ten_int64,5,1000000,49,91495158978.000,10270827564.000,101765986542.000,101765.987,9826.466,0,copy,all,lz4,5,1
kafka,confluent_librdkafka,google_speed,produce,one_string_ten_int64,6,1000000,49,92156428672.000,10192889261.000,102349317933.000,102349.318,9770.461,0,copy,all,lz4,5,1
kafka,confluent_librdkafka,google_speed,produce,one_string_ten_int64,7,1000000,49,91912763833.000,10302856330.000,102215620163.000,102215.620,9783.241,0,copy,all,lz4,5,1
kafka,confluent_librdkafka,google_speed,produce,one_string_ten_int64,8,1000000,49,92114306764.000,10152785905.000,102267092669.000,102267.093,9778.317,0,copy,all,lz4,5,1
kafka,confluent_librdkafka,google_speed,produce,one_string_ten_int64,9,1000000,49,91686684813.000,10034977625.000,101721662438.000,101721.662,9830.748,0,copy,all,lz4,5,1
kafka,confluent_librdkafka,google_speed,produce,one_string_ten_int64,10,1000000,49,91395099379.000,10138189646.000,101533289025.000,101533.289,9848.987,0,copy,all,lz4,5,1
kafka,confluent_librdkafka,google_speed,produce,one_string_ten_int64,1,1000000,49,1980577476.000,109964179.000,2090541655.000,2090.542,478344.929,0,copy,all,lz4,5,100
kafka,confluent_librdkafka,google_speed,produce,one_string_ten_int64,2,1000000,49,953647480.000,109454476.000,1063101956.000,1063.102,940643.552,0,copy,all,lz4,5,100
kafka,confluent_librdkafka,google_speed,produce,one_string_ten_int64,3,1000000,49,948514622.000,111658668.000,1060173290.000,1060.173,943242.024,0,copy,all,lz4,5,100
kafka,confluent_librdkafka,google_speed,produce,one_string_ten_int64,4,1000000,49,941265189.000,109568480.000,1050833669.000,1050.834,951625.390,0,copy,all,lz4,5,100
kafka,confluent_librdkafka,google_speed,produce,one_string_ten_int64,5,1000000,49,953713533.000,106196494.000,1059910027.000,1059.910,943476.309,0,copy,all,lz4,5,100
kafka,confluent_librdkafka,google_speed,produce,one_string_ten_int64,6,1000000,49,947542045.000,106091188.000,1053633233.000,1053.633,949096.867,0,copy,all,lz4,5,100
kafka,confluent_librdkafka,google_speed,produce,one_string_ten_int64,7,1000000,49,959538733.000,109050411.000,1068589144.000,1068.589,935813.363,0,copy,all,lz4,5,100
kafka,confluent_librdkafka,google_speed,produce,one_string_ten_int64,8,1000000,49,940313472.000,113213645.000,1053527117.000,1053.527,949192.464,0,copy,all,lz4,5,100
kafka,confluent_librdkafka,google_speed,produce,one_string_ten_int64,9,1000000,49,927243658.000,108990649.000,1036234307.000,1036.234,965032.709,0,copy,all,lz4,5,100
kafka,confluent_librdkafka,google_speed,produce,one_string_ten_int64,10,1000000,49,949871693.000,105574673.000,1055446366.000,1055.446,947466.430,0,copy,all,lz4,5,100
kafka,confluent_librdkafka,google_speed,produce,one_string_ten_int64,1,1000000,49,94185319995.000,10307690230.000,104493010225.000,104493.010,9570.018,0,copy,all,zstd,0,1
kafka,confluent_librdkafka,google_speed,produce,one_string_ten_int64,2,1000000,49,91298859986.000,10092515273.000,101391375259.000,101391.375,9862.772,0,copy,all,zstd,0,1
kafka,confluent_librdkafka,google_speed,produce,one_string_ten_int64,3,1000000,49,90537553178.000,10011097713.000,100548650891.000,100548.651,9945.434,0,copy,all,zstd,0,1
kafka,confluent_librdkafka,google_speed,produce,one_string_ten_int64,4,1000000,49,90947136295.000,10050614386.000,100997750681.000,100997.751,9901.211,0,copy,all,zstd,0,1
kafka,confluent_librdkafka,google_speed,produce,one_string_ten_int64,5,1000000,49,91472977073.000,10153461964.000,101626439037.000,101626.439,9839.959,0,copy,all,zstd,0,1
kafka,confluent_librdkafka,google_speed,produce,one_string_ten_int64,6,1000000,49,91538840908.000,10147158557.000,101685999465.000,101685.999,9834.196,0,copy,all,zstd,0,1
kafka,confluent_librdkafka,google_speed,produce,one_string_ten_int64,7,1000000,49,91988339937.000,10060118030.000,102048457967.000,102048.458,9799.266,0,copy,all,zstd,0,1
kafka,confluent_librdkafka,google_speed,produce,one_string_ten_int64,8,1000000,49,92202218272.000,10173263982.000,102375482254.000,102375.482,9767.964,0,copy,all,zstd,0,1
kafka,confluent_librdkafka,google_speed,produce,one_string_ten_int64,9,1000000,49,92129322057.000,10082549445.000,102211871502.000,102211.872,9783.599,0,copy,all,zstd,0,1
kafka,confluent_librdkafka,google_speed,produce,one_string_ten_int64,10,1000000,49,91575174969.000,10121858174.000,101697033143.000,101697.033,9833.129,0,copy,all,zstd,0,1
kafka,confluent_librdkafka,google_speed,produce,one_string_ten_int64,1,1000000,49,43755653145.000,4600717101.000,48356370246.000,48356.370,20679.799,0,owned,0,none,0,1
kafka,confluent_librdkafka,google_speed,produce,one_string_ten_int64,2,1000000,49,41376265889.000,4595883673.000,45972149562.000,45972.150,21752.300,0,owned,0,none,0,1
kafka,confluent_librdkafka,google_speed,produce,one_string_ten_int64,3,1000000,49,41030053091.000,4615878938.000,45645932029.000,45645.932,21907.757,0,owned,0,none,0,1
kafka,confluent_librdkafka,google_speed,produce,one_string_ten_int64,4,1000000,49,41274095574.000,4573940994.000,45848036568.000,45848.037,21811.185,0,owned,0,none,0,1
kafka,confluent_librdkafka,google_speed,produce,one_string_ten_int64,5,1000000,49,41509391768.000,4604842689.000,46114234457.000,46114.234,21685.278,0,owned,0,none,0,1
kafka,confluent_librdkafka,google_speed,produce,one_string_ten_int64,6,1000000,49,41363580047.000,4568453417.000,45932033464.000,45932.033,21771.298,0,owned,0,none,0,1
kafka,confluent_librdkafka,google_speed,produce,one_string_ten_int64,7,1000000,49,41194604581.000,4571908974.000,45766513555.000,45766.514,21850.037,0,owned,0,none,0,1
kafka,confluent_librdkafka,google_speed,produce,one_string_ten_int64,8,1000000,49,41368069079.000,4618852218.000,45986921297.000,45986.921,21745.313,0,owned,0,none,0,1
kafka,confluent_librdkafka,google_speed,produce,one_string_ten_int64,9,1000000,49,41203056424.000,4615814077.000,45818870501.000,45818.871,21825.069,0,owned,0,none,0,1
kafka,confluent_librdkafka,google_speed,produce,one_string_ten_int64,10,1000000,49,41942017071.000,4702326113.000,46644343184.000,46644.343,21438.827,0,owned,0,none,0,1
kafka,confluent_librdkafka,google_speed,produce,one_string_ten_int64,1,1000000,49,2035397285.000,75285563.000,2110682848.000,2110.683,473780.322,0,owned,0,zstd,0,100
kafka,confluent_librdkafka,google_speed,produce,one_string_ten_int64,2,1000000,49,946656648.000,80930493.000,1027587141.000,1027.587,973153.478,0,owned,0,zstd,0,100
kafka,confluent_librdkafka,google_speed,produce,one_string_ten_int64,3,1000000,49,902837205.000,79929423.000,982766628.000,982.767,1017535.569,0,owned,0,zstd,0,100
kafka,confluent_librdkafka,google_speed,produce,one_string_ten_int64,4,1000000,49,970460709.000,91692026.000,1062152735.000,1062.153,941484.183,0,owned,0,zstd,0,100
kafka,confluent_librdkafka,google_speed,produce,one_string_ten_int64,5,1000000,49,985051234.000,82434380.000,1067485614.000,1067.486,936780.774,0,owned,0,zstd,0,100
kafka,confluent_librdkafka,google_speed,produce,one_string_ten_int64,6,1000000,49,982350759.000,78451187.000,1060801946.000,1060.802,942683.037,0,owned,0,zstd,0,100
kafka,confluent_librdkafka,google_speed,produce,one_string_ten_int64,7,1000000,49,985802775.000,76147099.000,1061949874.000,1061.950,941664.032,0,owned,0,zstd,0,100
kafka,confluent_librdkafka,google_speed,produce,one_string_ten_int64,8,1000000,49,911061016.000,83545864.000,994606880.000,994.607,1005422.363,0,owned,0,zstd,0,100
kafka,confluent_librdkafka,google_speed,produce,one_string_ten_int64,9,1000000,49,993468586.000,83031373.000,1076499959.000,1076.500,928936.403,0,owned,0,zstd,0,100
kafka,confluent_librdkafka,google_speed,produce,one_string_ten_int64,10,1000000,49,943864794.000,82996902.000,1026861696.000,1026.862,973840.980,0,owned,0,zstd,0,100
kafka,confluent_librdkafka,google_speed,produce,one_string_ten_int64,1,1000000,49,47134760485.000,5098902582.000,52233663067.000,52233.663,19144.742,0,owned,0,zstd,5,1
kafka,confluent_librdkafka,google_speed,produce,one_string_ten_int64,2,1000000,49,46479307821.000,5111347486.000,51590655307.000,51590.655,19383.355,0,owned,0,zstd,5,1
kafka,confluent_librdkafka,google_speed,produce,one_string_ten_int64,3,1000000,49,46296845222.000,5109876324.000,51406721546.000,51406.722,19452.709,0,owned,0,zstd,5,1
kafka,confluent_librdkafka,google_speed,produce,one_string_ten_int64,4,1000000,49,46575831265.000,5151891211.000,51727722476.000,51727.722,19331.994,0,owned,0,zstd,5,1
kafka,confluent_librdkafka,google_speed,produce,one_string_ten_int64,5,1000000,49,46640017511.000,5139253127.000,51779270638.000,51779.271,19312.748,0,owned,0,zstd,5,1
kafka,confluent_librdkafka,google_speed,produce,one_string_ten_int64,6,1000000,49,46504709382.000,5124459223.000,51629168605.000,51629.169,19368.896,0,owned,0,zstd,5,1
kafka,confluent_librdkafka,google_speed,produce,one_string_ten_int64,7,1000000,49,46306457762.000,5132800494.000,51439258256.000,51439.258,19440.405,0,owned,0,zstd,5,1
kafka,confluent_librdkafka,google_speed,produce,one_string_ten_int64,8,1000000,49,46591425909.000,5168820960.000,51760246869.000,51760.247,19319.846,0,owned,0,zstd,5,1
kafka,confluent_librdkafka,google_speed,produce,one_string_ten_int64,9,1000000,49,46796419897.000,5125179433.000,51921599330.000,51921.599,19259.807,0,owned,0,zstd,5,1
kafka,confluent_librdkafka,google_speed,produce,one_string_ten_int64,10,1000000,49,46587204744.000,5130121071.000,51717325815.000,51717.326,19335.880,0,owned,0,zstd,5,1
kafka,confluent_librdkafka,google_speed,produce,one_string_ten_int64,1,1000000,49,1974181548.000,84896243.000,2059077791.000,2059.078,485654.308,0,owned,0,zstd,5,100
kafka,confluent_librdkafka,google_speed,produce,one_string_ten_int64,2,1000000,49,1074390457.000,82649449.000,1157039906.000,1157.040,864274.425,0,owned,0,zstd,5,100
kafka,confluent_librdkafka,google_speed,produce,one_string_ten_int64,3,1000000,49,1029967740.000,91956456.000,1121924196.000,1121.924,891325.816,0,owned,0,zstd,5,100
kafka,confluent_librdkafka,google_speed,produce,one_string_ten_int64,4,1000000,49,991585556.000,91371692.000,1082957248.000,1082.957,923397.486,0,owned,0,zstd,5,100
kafka,confluent_librdkafka,google_speed,produce,one_string_ten_int64,5,1000000,49,986666549.000,69902098.000,1056568647.000,1056.569,946460.036,0,owned,0,zstd,5,100
kafka,confluent_librdkafka,google_speed,produce,one_string_ten_int64,6,1000000,49,988421875.000,72680248.000,1061102123.000,1061.102,942416.360,0,owned,0,zstd,5,100
kafka,confluent_librdkafka,google_speed,produce,one_string_ten_int64,7,1000000,49,987517207.000,79170360.000,1066687567.000,1066.688,937481.631,0,owned,0,zstd,5,100
kafka,confluent_librdkafka,google_speed,produce,one_string_ten_int64,8,1000000,49,946870162.000,85741071.000,1032611233.000,1032.611,968418.673,0,owned,0,zstd,5,100
kafka,confluent_librdkafka,google_speed,produce,one_string_ten_int64,9,1000000,49,1009038708.000,89656894.000,1098695602.000,1098.696,910170.204,0,owned,0,zstd,5,100
kafka,confluent_librdkafka,google_speed,produce,one_string_ten_int64,10,1000000,49,943457262.000,79773853.000,1023231115.000,1023.231,977296.317,0,owned,0,zstd,5,100
kafka,confluent_librdkafka,google_speed,produce,one_string_ten_int64,1,1000000,49,1854902088.000,64261504.000,1919163592.000,1919.164,521060.322,0,owned,0,none,0,100
kafka,confluent_librdkafka,google_speed,produce,one_string_ten_int64,2,1000000,49,584309275.000,53179508.000,637488783.000,637.489,1568655.052,0,owned,0,none,0,100
kafka,confluent_librdkafka,google_speed,produce,one_string_ten_int64,3,1000000,49,634916638.000,34601576.000,669518214.000,669.518,1493611.345,0,owned,0,none,0,100
kafka,confluent_librdkafka,google_speed,produce,one_string_ten_int64,4,1000000,49,630162322.000,61806825.000,691969147.000,691.969,1445151.138,0,owned,0,none,0,100
kafka,confluent_librdkafka,google_speed,produce,one_string_ten_int64,5,1000000,49,691819877.000,3965789.000,695785666.000,695.786,1437224.204,0,owned,0,none,0,100
kafka,confluent_librdkafka,google_speed,produce,one_string_ten_int64,6,1000000,49,629313116.000,35001737.000,664314853.000,664.315,1505310.314,0,owned,0,none,0,100
kafka,confluent_librdkafka,google_speed,produce,one_string_ten_int64,7,1000000,49,618607212.000,61294327.000,679901539.000,679.902,1470801.201,0,owned,0,none,0,100
kafka,confluent_librdkafka,google_speed,produce,one_string_ten_int64,8,1000000,49,590507619.000,51003378.000,641510997.000,641.511,1558819.731,0,owned,0,none,0,100
kafka,confluent_librdkafka,google_speed,produce,one_string_ten_int64,9,1000000,49,591912709.000,41227250.000,633139959.000,633.140,1579429.612,0,owned,0,none,0,100
kafka,confluent_librdkafka,google_speed,produce,one_string_ten_int64,10,1000000,49,720829667.000,1855947.000,722685614.000,722.686,1383727.558,0,owned,0,none,0,100
kafka,confluent_librdkafka,google_speed,produce,one_string_ten_int64,1,1000000,49,41868828722.000,4573126831.000,46441955553.000,46441.956,21532.254,0,owned,0,none,5,1
kafka,confluent_librdkafka,google_speed,produce,one_string_ten_int64,2,1000000,49,41510632169.000,4564595036.000,46075227205.000,46075.227,21703.637,0,owned,0,none,5,1
kafka,confluent_librdkafka,google_speed,produce,one_string_ten_int64,3,1000000,49,41274415205.000,4552592953.000,45827008158.000,45827.008,21821.193,0,owned,0,none,5,1
kafka,confluent_librdkafka,google_speed,produce,one_string_ten_int64,4,1000000,49,41015433416.000,4563754961.000,45579188377.000,45579.188,21939.838,0,owned,0,none,5,1
kafka,confluent_librdkafka,google_speed,produce,one_string_ten_int64,5,1000000,49,41105669960.000,4547155221.000,45652825181.000,45652.825,21904.449,0,owned,0,none,5,1
kafka,confluent_librdkafka,google_speed,produce,one_string_ten_int64,6,1000000,49,40937229837.000,4543684973.000,45480914810.000,45480.915,21987.245,0,owned,0,none,5,1
kafka,confluent_librdkafka,google_speed,produce,one_string_ten_int64,7,1000000,49,41225429044.000,4623585378.000,45849014422.000,45849.014,21810.720,0,owned,0,none,5,1
kafka,confluent_librdkafka,google_speed,produce,one_string_ten_int64,8,1000000,49,41190853883.000,4609468980.000,45800322863.000,45800.323,21833.907,0,owned,0,none,5,1
kafka,confluent_librdkafka,google_speed,produce,one_string_ten_int64,9,1000000,49,41100804690.000,4660228391.000,45761033081.000,45761.033,21852.654,0,owned,0,none,5,1
kafka,confluent_librdkafka,google_speed,produce,one_string_ten_int64,10,1000000,49,41065755107.000,4522292619.000,45588047726.000,45588.048,21935.574,0,owned,0,none,5,1
kafka,confluent_librdkafka,google_speed,produce,one_string_ten_int64,1,1000000,49,1662386453.000,543404.000,1662929857.000,1662.930,601348.274,0,owned,0,none,5,100
kafka,confluent_librdkafka,google_speed,produce,one_string_ten_int64,2,1000000,49,747391095.000,1467792.000,748858887.000,748.859,1335365.070,0,owned,0,none,5,100
kafka,confluent_librdkafka,google_speed,produce,one_string_ten_int64,3,1000000,49,741785040.000,699064.000,742484104.000,742.484,1346830.181,0,owned,0,none,5,100
kafka,confluent_librdkafka,google_speed,produce,one_string_ten_int64,4,1000000,49,746093105.000,453491.000,746546596.000,746.547,1339501.118,0,owned,0,none,5,100
kafka,confluent_librdkafka,google_speed,produce,one_string_ten_int64,5,1000000,49,744762145.000,602552.000,745364697.000,745.365,1341625.119,0,owned,0,none,5,100
kafka,confluent_librdkafka,google_speed,produce,one_string_ten_int64,6,1000000,49,731864122.000,392220.000,732256342.000,732.256,1365641.979,0,owned,0,none,5,100
kafka,confluent_librdkafka,google_speed,produce,one_string_ten_int64,7,1000000,49,716495692.000,1252624.000,717748316.000,717.748,1393246.041,0,owned,0,none,5,100
kafka,confluent_librdkafka,google_speed,produce,one_string_ten_int64,8,1000000,49,683165328.000,363107.000,683528435.000,683.528,1462996.927,0,owned,0,none,5,100
kafka,confluent_librdkafka,google_speed,produce,one_string_ten_int64,9,1000000,49,686038939.000,2602361.000,688641300.000,688.641,1452134.805,0,owned,0,none,5,100
kafka,confluent_librdkafka,google_speed,produce,one_string_ten_int64,10,1000000,49,768576411.000,2416115.000,770992526.000,770.993,1297029.434,0,owned,0,none,5,100
kafka,confluent_librdkafka,google_speed,produce,one_string_ten_int64,1,1000000,49,43015225677.000,4640086235.000,47655311912.000,47655.312,20984.020,0,owned,0,lz4,0,1
kafka,confluent_librdkafka,google_speed,produce,one_string_ten_int64,2,1000000,49,42346753456.000,4699441463.000,47046194919.000,47046.195,21255.704,0,owned,0,lz4,0,1
kafka,confluent_librdkafka,google_speed,produce,one_string_ten_int64,3,1000000,49,42495323017.000,4825081524.000,47320404541.000,47320.405,21132.533,0,owned,0,lz4,0,1
kafka,confluent_librdkafka,google_speed,produce,one_string_ten_int64,4,1000000,49,42441049157.000,4673042268.000,47114091425.000,47114.091,21225.072,0,owned,0,lz4,0,1
kafka,confluent_librdkafka,google_speed,produce,one_string_ten_int64,5,1000000,49,42828866598.000,4743289583.000,47572156181.000,47572.156,21020.700,0,owned,0,lz4,0,1
kafka,confluent_librdkafka,google_speed,produce,one_string_ten_int64,6,1000000,49,42570627467.000,4651276685.000,47221904152.000,47221.904,21176.613,0,owned,0,lz4,0,1
kafka,confluent_librdkafka,google_speed,produce,one_string_ten_int64,7,1000000,49,42433111744.000,4788879059.000,47221990803.000,47221.991,21176.574,0,owned,0,lz4,0,1
kafka,confluent_librdkafka,google_speed,produce,one_string_ten_int64,8,1000000,49,42457071910.000,4686031434.000,47143103344.000,47143.103,21212.010,0,owned,0,lz4,0,1
kafka,confluent_librdkafka,google_speed,produce,one_string_ten_int64,9,1000000,49,42768920277.000,4714457676.000,47483377953.000,47483.378,21060.001,0,owned,0,lz4,0,1
kafka,confluent_librdkafka,google_speed,produce,one_string_ten_int64,10,1000000,49,42635080095.000,4720852480.000,47355932575.000,47355.933,21116.678,0,owned,0,lz4,0,1
kafka,confluent_librdkafka,google_speed,produce,one_string_ten_int64,1,1000000,49,1771574388.000,960461.000,1772534849.000,1772.535,564163.802,0,owned,0,lz4,0,100
kafka,confluent_librdkafka,google_speed,produce,one_string_ten_int64,2,1000000,49,823692078.000,1749118.000,825441196.000,825.441,1211473.337,0,owned,0,lz4,0,100
kafka,confluent_librdkafka,google_speed,produce,one_string_ten_int64,3,1000000,49,905155048.000,459009.000,905614057.000,905.614,1104223.143,0,owned,0,lz4,0,100
kafka,confluent_librdkafka,google_speed,produce,one_string_ten_int64,4,1000000,49,832136661.000,346263.000,832482924.000,832.483,1201225.840,0,owned,0,lz4,0,100
kafka,confluent_librdkafka,google_speed,produce,one_string_ten_int64,5,1000000,49,785195515.000,858831.000,786054346.000,786.054,1272176.670,0,owned,0,lz4,0,100
kafka,confluent_librdkafka,google_speed,produce,one_string_ten_int64,6,1000000,49,559492102.000,45079693.000,604571795.000,604.572,1654063.270,0,owned,0,lz4,0,100
kafka,confluent_librdkafka,google_speed,produce,one_string_ten_int64,7,1000000,49,823050177.000,2946288.000,825996465.000,825.996,1210658.934,0,owned,0,lz4,0,100
kafka,confluent_librdkafka,google_speed,produce,one_string_ten_int64,8,1000000,49,854180045.000,413612.000,854593657.000,854.594,1170146.761,0,owned,0,lz4,0,100
kafka,confluent_librdkafka,google_speed,produce,one_string_ten_int64,9,1000000,49,853750319.000,1013399.000,854763718.000,854.764,1169913.953,0,owned,0,lz4,0,100
kafka,confluent_librdkafka,google_speed,produce,one_string_ten_int64,10,1000000,49,890390393.000,1319952.000,891710345.000,891.710,1121440.393,0,owned,0,lz4,0,100
kafka,confluent_librdkafka,google_speed,produce,one_string_ten_int64,1,1000000,49,43206121209.000,4695603891.000,47901725100.000,47901.725,20876.075,0,owned,0,lz4,5,1
kafka,confluent_librdkafka,google_speed,produce,one_string_ten_int64,2,1000000,49,42170482898.000,4696110964.000,46866593862.000,46866.594,21337.160,0,owned,0,lz4,5,1
kafka,confluent_librdkafka,google_speed,produce,one_string_ten_int64,3,1000000,49,42860635836.000,4765376709.000,47626012545.000,47626.013,20996.929,0,owned,0,lz4,5,1
kafka,confluent_librdkafka,google_speed,produce,one_string_ten_int64,4,1000000,49,42698574373.000,4686221987.000,47384796360.000,47384.796,21103.816,0,owned,0,lz4,5,1
kafka,confluent_librdkafka,google_speed,produce,one_string_ten_int64,5,1000000,49,42679749144.000,4704332428.000,47384081572.000,47384.082,21104.134,0,owned,0,lz4,5,1
kafka,confluent_librdkafka,google_speed,produce,one_string_ten_int64,6,1000000,49,42721818273.000,4686597746.000,47408416019.000,47408.416,21093.301,0,owned,0,lz4,5,1
kafka,confluent_librdkafka,google_speed,produce,one_string_ten_int64,7,1000000,49,42621253887.000,4723906215.000,47345160102.000,47345.160,21121.483,0,owned,0,lz4,5,1
kafka,confluent_librdkafka,google_speed,produce,one_string_ten_int64,8,1000000,49,42723905503.000,4684093068.000,47407998571.000,47407.999,21093.487,0,owned,0,lz4,5,1
kafka,confluent_librdkafka,google_speed,produce,one_string_ten_int64,9,1000000,49,42584850593.000,4688921657.000,47273772250.000,47273.772,21153.379,0,owned,0,lz4,5,1
kafka,confluent_librdkafka,google_speed,produce,one_string_ten_int64,10,1000000,49,42570182839.000,4706690988.000,47276873827.000,47276.874,21151.991,0,owned,0,lz4,5,1
kafka,confluent_librdkafka,google_speed,produce,one_string_ten_int64,1,1000000,49,1706095350.000,1204142.000,1707299492.000,1707.299,585720.317,0,owned,0,lz4,5,100
kafka,confluent_librdkafka,google_speed,produce,one_string_ten_int64,2,1000000,49,711310421.000,110383.000,711420804.000,711.421,1405637.837,0,owned,0,lz4,5,100
kafka,confluent_librdkafka,google_speed,produce,one_string_ten_int64,3,1000000,49,717035402.000,2078455.000,719113857.000,719.114,1390600.376,0,owned,0,lz4,5,100
kafka,confluent_librdkafka,google_speed,produce,one_string_ten_int64,4,1000000,49,724438273.000,1187928.000,725626201.000,725.626,1378120.027,0,owned,0,lz4,5,100
kafka,confluent_librdkafka,google_speed,produce,one_string_ten_int64,5,1000000,49,725934136.000,299533.000,726233669.000,726.234,1376967.280,0,owned,0,lz4,5,100
kafka,confluent_librdkafka,google_speed,produce,one_string_ten_int64,6,1000000,49,750428396.000,1619446.000,752047842.000,752.048,1329702.639,0,owned,0,lz4,5,100
kafka,confluent_librdkafka,google_speed,produce,one_string_ten_int64,7,1000000,49,783328133.000,420792.000,783748925.000,783.749,1275918.815,0,owned,0,lz4,5,100
kafka,confluent_librdkafka,google_speed,produce,one_string_ten_int64,8,1000000,49,701947787.000,2220756.000,704168543.000,704.169,1420114.559,0,owned,0,lz4,5,100
kafka,confluent_librdkafka,google_speed,produce,one_string_ten_int64,9,1000000,49,761957364.000,96883.000,762054247.000,762.054,1312242.539,0,owned,0,lz4,5,100
kafka,confluent_librdkafka,google_speed,produce,one_string_ten_int64,10,1000000,49,708884480.000,88471.000,708972951.000,708.973,1410491.047,0,owned,0,lz4,5,100
kafka,confluent_librdkafka,google_speed,produce,one_string_ten_int64,1,1000000,49,47069628340.000,5069747153.000,52139375493.000,52139.375,19179.363,0,owned,0,zstd,0,1
kafka,confluent_librdkafka,google_speed,produce,one_string_ten_int64,2,1000000,49,46488646579.000,5056985386.000,51545631965.000,51545.632,19400.286,0,owned,0,zstd,0,1
kafka,confluent_librdkafka,google_speed,produce,one_string_ten_int64,3,1000000,49,46375945052.000,5124460623.000,51500405675.000,51500.406,19417.323,0,owned,0,zstd,0,1
kafka,confluent_librdkafka,google_speed,produce,one_string_ten_int64,4,1000000,49,46466852031.000,5104950040.000,51571802071.000,51571.802,19390.441,0,owned,0,zstd,0,1
kafka,confluent_librdkafka,google_speed,produce,one_string_ten_int64,5,1000000,49,46448618195.000,5175437729.000,51624055924.000,51624.056,19370.814,0,owned,0,zstd,0,1
kafka,confluent_librdkafka,google_speed,produce,one_string_ten_int64,6,1000000,49,46893539836.000,5152728254.000,52046268090.000,52046.268,19213.673,0,owned,0,zstd,0,1
kafka,confluent_librdkafka,google_speed,produce,one_string_ten_int64,7,1000000,49,46761207599.000,5127472467.000,51888680066.000,51888.680,19272.026,0,owned,0,zstd,0,1
kafka,confluent_librdkafka,google_speed,produce,one_string_ten_int64,8,1000000,49,46726817716.000,5204746129.000,51931563845.000,51931.564,19256.112,0,owned,0,zstd,0,1
kafka,confluent_librdkafka,google_speed,produce,one_string_ten_int64,9,1000000,49,46649902247.000,5171913873.000,51821816120.000,51821.816,19296.892,0,owned,0,zstd,0,1
kafka,confluent_librdkafka,google_speed,produce,one_string_ten_int64,10,1000000,49,46539843793.000,5138909167.000,51678752960.000,51678.753,19350.312,0,owned,0,zstd,0,1
kafka,confluent_librdkafka,google_speed,produce,one_string_ten_int64,1,1000000,49,69569689203.000,7234814039.000,76804503242.000,76804.503,13020.070,0,owned,1,none,0,1
kafka,confluent_librdkafka,google_speed,produce,one_string_ten_int64,2,1000000,49,65711161537.000,7312413143.000,73023574680.000,73023.575,13694.208,0,owned,1,none,0,1
kafka,confluent_librdkafka,google_speed,produce,one_string_ten_int64,3,1000000,49,65532652890.000,7277086698.000,72809739588.000,72809.740,13734.426,0,owned,1,none,0,1
kafka,confluent_librdkafka,google_speed,produce,one_string_ten_int64,4,1000000,49,65766603026.000,7361934498.000,73128537524.000,73128.538,13674.552,0,owned,1,none,0,1
kafka,confluent_librdkafka,google_speed,produce,one_string_ten_int64,5,1000000,49,65799938027.000,7265575881.000,73065513908.000,73065.514,13686.347,0,owned,1,none,0,1
kafka,confluent_librdkafka,google_speed,produce,one_string_ten_int64,6,1000000,49,65817476161.000,7243544555.000,73061020716.000,73061.021,13687.189,0,owned,1,none,0,1
kafka,confluent_librdkafka,google_speed,produce,one_string_ten_int64,7,1000000,49,65739800804.000,7320382279.000,73060183083.000,73060.183,13687.346,0,owned,1,none,0,1
kafka,confluent_librdkafka,google_speed,produce,one_string_ten_int64,8,1000000,49,66167353495.000,7304581135.000,73471934630.000,73471.935,13610.639,0,owned,1,none,0,1
kafka,confluent_librdkafka,google_speed,produce,one_string_ten_int64,9,1000000,49,66134160460.000,7311694703.000,73445855163.000,73445.855,13615.472,0,owned,1,none,0,1
kafka,confluent_librdkafka,google_speed,produce,one_string_ten_int64,10,1000000,49,66267288195.000,7356645034.000,73623933229.000,73623.933,13582.540,0,owned,1,none,0,1
kafka,confluent_librdkafka,google_speed,produce,one_string_ten_int64,1,1000000,49,2198762402.000,101377700.000,2300140102.000,2300.140,434756.126,0,owned,1,zstd,0,100
kafka,confluent_librdkafka,google_speed,produce,one_string_ten_int64,2,1000000,49,1135325475.000,103397099.000,1238722574.000,1238.723,807283.262,0,owned,1,zstd,0,100
kafka,confluent_librdkafka,google_speed,produce,one_string_ten_int64,3,1000000,49,1105732884.000,100584649.000,1206317533.000,1206.318,828969.133,0,owned,1,zstd,0,100
kafka,confluent_librdkafka,google_speed,produce,one_string_ten_int64,4,1000000,49,1139967817.000,102213622.000,1242181439.000,1242.181,805035.375,0,owned,1,zstd,0,100
kafka,confluent_librdkafka,google_speed,produce,one_string_ten_int64,5,1000000,49,1102271710.000,101510434.000,1203782144.000,1203.782,830715.097,0,owned,1,zstd,0,100
kafka,confluent_librdkafka,google_speed,produce,one_string_ten_int64,6,1000000,49,1096429844.000,97927190.000,1194357034.000,1194.357,837270.574,0,owned,1,zstd,0,100
kafka,confluent_librdkafka,google_speed,produce,one_string_ten_int64,7,1000000,49,1076320926.000,102743373.000,1179064299.000,1179.064,848130.166,0,owned,1,zstd,0,100
kafka,confluent_librdkafka,google_speed,produce,one_string_ten_int64,8,1000000,49,1065874929.000,100978640.000,1166853569.000,1166.854,857005.563,0,owned,1,zstd,0,100
kafka,confluent_librdkafka,google_speed,produce,one_string_ten_int64,9,1000000,49,1082626398.000,102995637.000,1185622035.000,1185.622,843439.115,0,owned,1,zstd,0,100
kafka,confluent_librdkafka,google_speed,produce,one_string_ten_int64,10,1000000,49,1122942120.000,101173849.000,1224115969.000,1224.116,816916.065,0,owned,1,zstd,0,100
kafka,confluent_librdkafka,google_speed,produce,one_string_ten_int64,1,1000000,49,74047325931.000,8093148779.000,82140474710.000,82140.475,12174.266,0,owned,1,zstd,5,1
kafka,confluent_librdkafka,google_speed,produce,one_string_ten_int64,2,1000000,49,71316695394.000,7780478411.000,79097173805.000,79097.174,12642.677,0,owned,1,zstd,5,1
kafka,confluent_librdkafka,google_speed,produce,one_string_ten_int64,3,1000000,49,69859511331.000,7711788101.000,77571299432.000,77571.299,12891.366,0,owned,1,zstd,5,1
kafka,confluent_librdkafka,google_speed,produce,one_string_ten_int64,4,1000000,49,70266822557.000,7746084931.000,78012907488.000,78012.907,12818.392,0,owned,1,zstd,5,1
kafka,confluent_librdkafka,google_speed,produce,one_string_ten_int64,5,1000000,49,69912908138.000,7647272966.000,77560181104.000,77560.181,12893.214,0,owned,1,zstd,5,1
kafka,confluent_librdkafka,google_speed,produce,one_string_ten_int64,6,1000000,49,70108265344.000,7772166402.000,77880431746.000,77880.432,12840.196,0,owned,1,zstd,5,1
kafka,confluent_librdkafka,google_speed,produce,one_string_ten_int64,7,1000000,49,70336192349.000,7828348592.000,78164540941.000,78164.541,12793.525,0,owned,1,zstd,5,1
kafka,confluent_librdkafka,google_speed,produce,one_string_ten_int64,8,1000000,49,70144903204.000,7701753312.000,77846656516.000,77846.657,12845.767,0,owned,1,zstd,5,1
kafka,confluent_librdkafka,google_speed,produce,one_string_ten_int64,9,1000000,49,70390425699.000,7750670917.000,78141096616.000,78141.097,12797.363,0,owned,1,zstd,5,1
kafka,confluent_librdkafka,google_speed,produce,one_string_ten_int64,10,1000000,49,70302723670.000,7782152598.000,78084876268.000,78084.876,12806.577,0,owned,1,zstd,5,1
kafka,confluent_librdkafka,google_speed,produce,one_string_ten_int64,1,1000000,49,2278979053.000,109687343.000,2388666396.000,2388.666,418643.642,0,owned,1,zstd,5,100
kafka,confluent_librdkafka,google_speed,produce,one_string_ten_int64,2,1000000,49,1299263956.000,108091258.000,1407355214.000,1407.355,710552.666,0,owned,1,zstd,5,100
kafka,confluent_librdkafka,google_speed,produce,one_string_ten_int64,3,1000000,49,1289440147.000,109016227.000,1398456374.000,1398.456,715074.148,0,owned,1,zstd,5,100
kafka,confluent_librdkafka,google_speed,produce,one_string_ten_int64,4,1000000,49,1220607064.000,105221411.000,1325828475.000,1325.828,754245.379,0,owned,1,zstd,5,100
kafka,confluent_librdkafka,google_speed,produce,one_string_ten_int64,5,1000000,49,1271151332.000,108416473.000,1379567805.000,1379.568,724864.698,0,owned,1,zstd,5,100
kafka,confluent_librdkafka,google_speed,produce,one_string_ten_int64,6,1000000,49,1271635256.000,102102080.000,1373737336.000,1373.737,727941.196,0,owned,1,zstd,5,100
kafka,confluent_librdkafka,google_speed,produce,one_string_ten_int64,7,1000000,49,1212393921.000,108131011.000,1320524932.000,1320.525,757274.608,0,owned,1,zstd,5,100
kafka,confluent_librdkafka,google_speed,produce,one_string_ten_int64,8,1000000,49,1229092490.000,98865285.000,1327957775.000,1327.958,753035.992,0,owned,1,zstd,5,100
kafka,confluent_librdkafka,google_speed,produce,one_string_ten_int64,9,1000000,49,1259523446.000,108829102.000,1368352548.000,1368.353,730805.816,0,owned,1,zstd,5,100
kafka,confluent_librdkafka,google_speed,produce,one_string_ten_int64,10,1000000,49,1272599609.000,104814721.000,1377414330.000,1377.414,725997.965,0,owned,1,zstd,5,100
kafka,confluent_librdkafka,google_speed,produce,one_string_ten_int64,1,1000000,49,2298405492.000,133379351.000,2431784843.000,2431.785,411220.591,0,owned,1,none,0,100
kafka,confluent_librdkafka,google_speed,produce,one_string_ten_int64,2,1000000,49,812776742.000,77485292.000,890262034.000,890.262,1123264.794,0,owned,1,none,0,100
kafka,confluent_librdkafka,google_speed,produce,one_string_ten_int64,3,1000000,49,794587638.000,79916517.000,874504155.000,874.504,1143505.144,0,owned,1,none,0,100
kafka,confluent_librdkafka,google_speed,produce,one_string_ten_int64,4,1000000,49,782332264.000,88359628.000,870691892.000,870.692,1148511.901,0,owned,1,none,0,100
kafka,confluent_librdkafka,google_speed,produce,one_string_ten_int64,5,1000000,49,869147545.000,86157961.000,955305506.000,955.306,1046785.551,0,owned,1,none,0,100
kafka,confluent_librdkafka,google_speed,produce,one_string_ten_int64,6,1000000,49,853626586.000,80745221.000,934371807.000,934.372,1070237.771,0,owned,1,none,0,100
kafka,confluent_librdkafka,google_speed,produce,one_string_ten_int64,7,1000000,49,876935160.000,86384038.000,963319198.000,963.319,1038077.516,0,owned,1,none,0,100
kafka,confluent_librdkafka,google_speed,produce,one_string_ten_int64,8,1000000,49,862956104.000,89197747.000,952153851.000,952.154,1050250.439,0,owned,1,none,0,100
kafka,confluent_librdkafka,google_speed,produce,one_string_ten_int64,9,1000000,49,845964245.000,85858923.000,931823168.000,931.823,1073164.989,0,owned,1,none,0,100
kafka,confluent_librdkafka,google_speed,produce,one_string_ten_int64,10,1000000,49,835635292.000,85553793.000,921189085.000,921.189,1085553.462,0,owned,1,none,0,100
kafka,confluent_librdkafka,google_speed,produce,one_string_ten_int64,1,1000000,49,66836401364.000,7307689436.000,74144090800.000,74144.091,13487.252,0,owned,1,none,5,1
kafka,confluent_librdkafka,google_speed,produce,one_string_ten_int64,2,1000000,49,66246205050.000,7257385474.000,73503590524.000,73503.591,13604.778,0,owned,1,none,5,1
kafka,confluent_librdkafka,google_speed,produce,one_string_ten_int64,3,1000000,49,65945074769.000,7331113502.000,73276188271.000,73276.188,13646.998,0,owned,1,none,5,1
kafka,confluent_librdkafka,google_speed,produce,one_string_ten_int64,4,1000000,49,66187858789.000,7268728729.000,73456587518.000,73456.588,13613.483,0,owned,1,none,5,1
kafka,confluent_librdkafka,google_speed,produce,one_string_ten_int64,5,1000000,49,65796849473.000,7326599730.000,73123449203.000,73123.449,13675.504,0,owned,1,none,5,1
kafka,confluent_librdkafka,google_speed,produce,one_string_ten_int64,6,1000000,49,65790107175.000,7265553869.000,73055661044.000,73055.661,13688.193,0,owned,1,none,5,1
kafka,confluent_librdkafka,google_speed,produce,one_string_ten_int64,7,1000000,49,65945288824.000,7231831752.000,73177120576.000,73177.121,13665.473,0,owned,1,none,5,1
kafka,confluent_librdkafka,google_speed,produce,one_string_ten_int64,8,1000000,49,66019171486.000,7287052849.000,73306224335.000,73306.224,13641.406,0,owned,1,none,5,1
kafka,confluent_librdkafka,google_speed,produce,one_string_ten_int64,9,1000000,49,65856391185.000,7267191446.000,73123582631.000,73123.583,13675.479,0,owned,1,none,5,1
kafka,confluent_librdkafka,google_speed,produce,one_string_ten_int64,10,1000000,49,65777040163.000,7318290346.000,73095330509.000,73095.331,13680.764,0,owned,1,none,5,1
kafka,confluent_librdkafka,google_speed,produce,one_string_ten_int64,1,1000000,49,1786059146.000,87960223.000,1874019369.000,1874.019,533612.414,0,owned,1,none,5,100
kafka,confluent_librdkafka,google_speed,produce,one_string_ten_int64,2,1000000,49,811738356.000,75059786.000,886798142.000,886.798,1127652.340,0,owned,1,none,5,100
kafka,confluent_librdkafka,google_speed,produce,one_string_ten_int64,3,1000000,49,787086817.000,89034728.000,876121545.000,876.122,1141394.143,0,owned,1,none,5,100
kafka,confluent_librdkafka,google_speed,produce,one_string_ten_int64,4,1000000,49,782499381.000,78438800.000,860938181.000,860.938,1161523.582,0,owned,1,none,5,100
kafka,confluent_librdkafka,google_speed,produce,one_string_ten_int64,5,1000000,49,794724102.000,58852872.000,853576974.000,853.577,1171540.506,0,owned,1,none,5,100
kafka,confluent_librdkafka,google_speed,produce,one_string_ten_int64,6,1000000,49,775128991.000,84761796.000,859890787.000,859.891,1162938.381,0,owned,1,none,5,100
kafka,confluent_librdkafka,google_speed,produce,one_string_ten_int64,7,1000000,49,807890483.000,53025807.000,860916290.000,860.916,1161553.117,0,owned,1,none,5,100
kafka,confluent_librdkafka,google_speed,produce,one_string_ten_int64,8,1000000,49,765844030.000,85721820.000,851565850.000,851.566,1174307.307,0,owned,1,none,5,100
kafka,confluent_librdkafka,google_speed,produce,one_string_ten_int64,9,1000000,49,779268660.000,81221132.000,860489792.000,860.490,1162128.836,0,owned,1,none,5,100
kafka,confluent_librdkafka,google_speed,produce,one_string_ten_int64,10,1000000,49,766424035.000,84285982.000,850710017.000,850.710,1175488.686,0,owned,1,none,5,100
kafka,confluent_librdkafka,google_speed,produce,one_string_ten_int64,1,1000000,49,66848192023.000,7238164028.000,74086356051.000,74086.356,13497.762,0,owned,1,lz4,0,1
kafka,confluent_librdkafka,google_speed,produce,one_string_ten_int64,2,1000000,49,65805169026.000,7275567020.000,73080736046.000,73080.736,13683.497,0,owned,1,lz4,0,1
kafka,confluent_librdkafka,google_speed,produce,one_string_ten_int64,3,1000000,49,65632540457.000,7247963650.000,72880504107.000,72880.504,13721.091,0,owned,1,lz4,0,1
kafka,confluent_librdkafka,google_speed,produce,one_string_ten_int64,4,1000000,49,65537062737.000,7202321844.000,72739384581.000,72739.385,13747.710,0,owned,1,lz4,0,1
kafka,confluent_librdkafka,google_speed,produce,one_string_ten_int64,5,1000000,49,66092931643.000,7269734040.000,73362665683.000,73362.666,13630.911,0,owned,1,lz4,0,1
kafka,confluent_librdkafka,google_speed,produce,one_string_ten_int64,6,1000000,49,65846699772.000,7255466994.000,73102166766.000,73102.167,13679.485,0,owned,1,lz4,0,1
kafka,confluent_librdkafka,google_speed,produce,one_string_ten_int64,7,1000000,49,65544121278.000,7314622625.000,72858743903.000,72858.744,13725.189,0,owned,1,lz4,0,1
kafka,confluent_librdkafka,google_speed,produce,one_string_ten_int64,8,1000000,49,65825651628.000,7433589011.000,73259240639.000,73259.241,13650.155,0,owned,1,lz4,0,1
kafka,confluent_librdkafka,google_speed,produce,one_string_ten_int64,9,1000000,49,65677452198.000,7300160907.000,72977613105.000,72977.613,13702.832,0,owned,1,lz4,0,1
kafka,confluent_librdkafka,google_speed,produce,one_string_ten_int64,10,1000000,49,65324676429.000,7284965102.000,72609641531.000,72609.642,13772.276,0,owned,1,lz4,0,1
kafka,confluent_librdkafka,google_speed,produce,one_string_ten_int64,1,1000000,49,1959831243.000,84841834.000,2044673077.000,2044.673,489075.741,0,owned,1,lz4,0,100
kafka,confluent_librdkafka,google_speed,produce,one_string_ten_int64,2,1000000,49,770846896.000,77483081.000,848329977.000,848.330,1178786.589,0,owned,1,lz4,0,100
kafka,confluent_librdkafka,google_speed,produce,one_string_ten_int64,3,1000000,49,777574598.000,78450799.000,856025397.000,856.025,1168189.640,0,owned,1,lz4,0,100
kafka,confluent_librdkafka,google_speed,produce,one_string_ten_int64,4,1000000,49,751942123.000,76401265.000,828343388.000,828.343,1207228.807,0,owned,1,lz4,0,100
kafka,confluent_librdkafka,google_speed,produce,one_string_ten_int64,5,1000000,49,790865882.000,68455036.000,859320918.000,859.321,1163709.598,0,owned,1,lz4,0,100
kafka,confluent_librdkafka,google_speed,produce,one_string_ten_int64,6,1000000,49,763502704.000,78438620.000,841941324.000,841.941,1187731.225,0,owned,1,lz4,0,100
kafka,confluent_librdkafka,google_speed,produce,one_string_ten_int64,7,1000000,49,756040036.000,57809364.000,813849400.000,813.849,1228728.558,0,owned,1,lz4,0,100
kafka,confluent_librdkafka,google_speed,produce,one_string_ten_int64,8,1000000,49,767167860.000,66798733.000,833966593.000,833.967,1199088.799,0,owned,1,lz4,0,100
kafka,confluent_librdkafka,google_speed,produce,one_string_ten_int64,9,1000000,49,765972236.000,66585388.000,832557624.000,832.558,1201118.062,0,owned,1,lz4,0,100
kafka,confluent_librdkafka,google_speed,produce,one_string_ten_int64,10,1000000,49,749555793.000,74398332.000,823954125.000,823.954,1213659.802,0,owned,1,lz4,0,100
kafka,confluent_librdkafka,google_speed,produce,one_string_ten_int64,1,1000000,49,66695680709.000,7220318075.000,73915998784.000,73915.999,13528.871,0,owned,1,lz4,5,1
kafka,confluent_librdkafka,google_speed,produce,one_string_ten_int64,2,1000000,49,65793813973.000,7326053853.000,73119867826.000,73119.868,13676.174,0,owned,1,lz4,5,1
kafka,confluent_librdkafka,google_speed,produce,one_string_ten_int64,3,1000000,49,66112055216.000,7318992182.000,73431047398.000,73431.047,13618.218,0,owned,1,lz4,5,1
kafka,confluent_librdkafka,google_speed,produce,one_string_ten_int64,4,1000000,49,66090440014.000,7318258257.000,73408698271.000,73408.698,13622.364,0,owned,1,lz4,5,1
kafka,confluent_librdkafka,google_speed,produce,one_string_ten_int64,5,1000000,49,66192157920.000,7342278048.000,73534435968.000,73534.436,13599.071,0,owned,1,lz4,5,1
kafka,confluent_librdkafka,google_speed,produce,one_string_ten_int64,6,1000000,49,66211933140.000,7340570784.000,73552503924.000,73552.504,13595.730,0,owned,1,lz4,5,1
kafka,confluent_librdkafka,google_speed,produce,one_string_ten_int64,7,1000000,49,65925365727.000,7249868855.000,73175234582.000,73175.235,13665.826,0,owned,1,lz4,5,1
kafka,confluent_librdkafka,google_speed,produce,one_string_ten_int64,8,1000000,49,66437705195.000,7357243491.000,73794948686.000,73794.949,13551.063,0,owned,1,lz4,5,1
kafka,confluent_librdkafka,google_speed,produce,one_string_ten_int64,9,1000000,49,66386772040.000,7348576867.000,73735348907.000,73735.349,13562.016,0,owned,1,lz4,5,1
kafka,confluent_librdkafka,google_speed,produce,one_string_ten_int64,10,1000000,49,66670542246.000,7373282873.000,74043825119.000,74043.825,13505.515,0,owned,1,lz4,5,1
kafka,confluent_librdkafka,google_speed,produce,one_string_ten_int64,1,1000000,49,1818859208.000,72201367.000,1891060575.000,1891.061,528803.790,0,owned,1,lz4,5,100
kafka,confluent_librdkafka,google_speed,produce,one_string_ten_int64,2,1000000,49,814021221.000,70891996.000,884913217.000,884.913,1130054.316,0,owned,1,lz4,5,100
kafka,confluent_librdkafka,google_speed,produce,one_string_ten_int64,3,1000000,49,834742461.000,37978814.000,872721275.000,872.721,1145841.208,0,owned,1,lz4,5,100
kafka,confluent_librdkafka,google_speed,produce,one_string_ten_int64,4,1000000,49,809541122.000,49377716.000,858918838.000,858.919,1164254.358,0,owned,1,lz4,5,100
kafka,confluent_librdkafka,google_speed,produce,one_string_ten_int64,5,1000000,49,773812758.000,68644321.000,842457079.000,842.457,1187004.092,0,owned,1,lz4,5,100
kafka,confluent_librdkafka,google_speed,produce,one_string_ten_int64,6,1000000,49,831838829.000,30166681.000,862005510.000,862.006,1160085.392,0,owned,1,lz4,5,100
kafka,confluent_librdkafka,google_speed,produce,one_string_ten_int64,7,1000000,49,776786495.000,51970860.000,828757355.000,828.757,1206625.792,0,owned,1,lz4,5,100
kafka,confluent_librdkafka,google_speed,produce,one_string_ten_int64,8,1000000,49,820945644.000,39485945.000,860431589.000,860.432,1162207.447,0,owned,1,lz4,5,100
kafka,confluent_librdkafka,google_speed,produce,one_string_ten_int64,9,1000000,49,755248238.000,83239553.000,838487791.000,838.488,1192623.209,0,owned,1,lz4,5,100
kafka,confluent_librdkafka,google_speed,produce,one_string_ten_int64,10,1000000,49,762930277.000,80989906.000,843920183.000,843.920,1184946.183,0,owned,1,lz4,5,100
kafka,confluent_librdkafka,google_speed,produce,one_string_ten_int64,1,1000000,49,72083024964.000,7851224195.000,79934249159.000,79934.249,12510.282,0,owned,1,zstd,0,1
kafka,confluent_librdkafka,google_speed,produce,one_string_ten_int64,2,1000000,49,70790001381.000,7837444882.000,78627446263.000,78627.446,12718.205,0,owned,1,zstd,0,1
kafka,confluent_librdkafka,google_speed,produce,one_string_ten_int64,3,1000000,49,70717782188.000,7827528221.000,78545310409.000,78545.310,12731.505,0,owned,1,zstd,0,1
kafka,confluent_librdkafka,google_speed,produce,one_string_ten_int64,4,1000000,49,70754124120.000,7890789668.000,78644913788.000,78644.914,12715.380,0,owned,1,zstd,0,1
kafka,confluent_librdkafka,google_speed,produce,one_string_ten_int64,5,1000000,49,70698719576.000,7785355485.000,78484075061.000,78484.075,12741.438,0,owned,1,zstd,0,1
kafka,confluent_librdkafka,google_speed,produce,one_string_ten_int64,6,1000000,49,71100370432.000,7729298472.000,78829668904.000,78829.669,12685.579,0,owned,1,zstd,0,1
kafka,confluent_librdkafka,google_speed,produce,one_string_ten_int64,7,1000000,49,70690147129.000,7864725427.000,78554872556.000,78554.873,12729.955,0,owned,1,zstd,0,1
kafka,confluent_librdkafka,google_speed,produce,one_string_ten_int64,8,1000000,49,70737059514.000,7730596965.000,78467656479.000,78467.656,12744.104,0,owned,1,zstd,0,1
kafka,confluent_librdkafka,google_speed,produce,one_string_ten_int64,9,1000000,49,69660421429.000,7622338851.000,77282760280.000,77282.760,12939.496,0,owned,1,zstd,0,1
kafka,confluent_librdkafka,google_speed,produce,one_string_ten_int64,10,1000000,49,69897738024.000,7744451381.000,77642189405.000,77642.189,12879.596,0,owned,1,zstd,0,1
kafka,confluent_librdkafka,google_speed,produce,one_string_ten_int64,1,1000000,49,93557202543.000,9996933477.000,103554136020.000,103554.136,9656.785,0,owned,all,none,0,1
kafka,confluent_librdkafka,google_speed,produce,one_string_ten_int64,2,1000000,49,89903117343.000,9886418952.000,99789536295.000,99789.536,10021.091,0,owned,all,none,0,1
kafka,confluent_librdkafka,google_speed,produce,one_string_ten_int64,3,1000000,49,90096956692.000,9975956008.000,100072912700.000,100072.913,9992.714,0,owned,all,none,0,1
kafka,confluent_librdkafka,google_speed,produce,one_string_ten_int64,4,1000000,49,90477655727.000,10049381555.000,100527037282.000,100527.037,9947.573,0,owned,all,none,0,1
kafka,confluent_librdkafka,google_speed,produce,one_string_ten_int64,5,1000000,49,90653788448.000,10018780932.000,100672569380.000,100672.569,9933.192,0,owned,all,none,0,1
kafka,confluent_librdkafka,google_speed,produce,one_string_ten_int64,6,1000000,49,90285715924.000,10036233837.000,100321949761.000,100321.950,9967.908,0,owned,all,none,0,1
kafka,confluent_librdkafka,google_speed,produce,one_string_ten_int64,7,1000000,49,90690127964.000,10102417009.000,100792544973.000,100792.545,9921.369,0,owned,all,none,0,1
kafka,confluent_librdkafka,google_speed,produce,one_string_ten_int64,8,1000000,49,90916040302.000,10070819925.000,100986860227.000,100986.860,9902.278,0,owned,all,none,0,1
kafka,confluent_librdkafka,google_speed,produce,one_string_ten_int64,9,1000000,49,90787744186.000,10091540517.000,100879284703.000,100879.285,9912.838,0,owned,all,none,0,1
kafka,confluent_librdkafka,google_speed,produce,one_string_ten_int64,10,1000000,49,90125897872.000,9986907721.000,100112805593.000,100112.806,9988.732,0,owned,all,none,0,1
kafka,confluent_librdkafka,google_speed,produce,one_string_ten_int64,1,1000000,49,2284591994.000,119298207.000,2403890201.000,2403.890,415992.378,0,owned,all,zstd,0,100
kafka,confluent_librdkafka,google_speed,produce,one_string_ten_int64,2,1000000,49,1230849457.000,118276766.000,1349126223.000,1349.126,741220.490,0,owned,all,zstd,0,100
kafka,confluent_librdkafka,google_speed,produce,one_string_ten_int64,3,1000000,49,1221329868.000,120683275.000,1342013143.000,1342.013,745149.185,0,owned,all,zstd,0,100
kafka,confluent_librdkafka,google_speed,produce,one_string_ten_int64,4,1000000,49,1207708816.000,119727746.000,1327436562.000,1327.437,753331.668,0,owned,all,zstd,0,100
kafka,confluent_librdkafka,google_speed,produce,one_string_ten_int64,5,1000000,49,1181834818.000,118240548.000,1300075366.000,1300.075,769186.177,0,owned,all,zstd,0,100
kafka,confluent_librdkafka,google_speed,produce,one_string_ten_int64,6,1000000,49,1204908489.000,120020482.000,1324928971.000,1324.929,754757.441,0,owned,all,zstd,0,100
kafka,confluent_librdkafka,google_speed,produce,one_string_ten_int64,7,1000000,49,1230913765.000,120396792.000,1351310557.000,1351.311,740022.340,0,owned,all,zstd,0,100
kafka,confluent_librdkafka,google_speed,produce,one_string_ten_int64,8,1000000,49,1196257600.000,116892009.000,1313149609.000,1313.150,761527.851,0,owned,all,zstd,0,100
kafka,confluent_librdkafka,google_speed,produce,one_string_ten_int64,9,1000000,49,1191723651.000,120595422.000,1312319073.000,1312.319,762009.804,0,owned,all,zstd,0,100
kafka,confluent_librdkafka,google_speed,produce,one_string_ten_int64,10,1000000,49,1218250135.000,119371824.000,1337621959.000,1337.622,747595.382,0,owned,all,zstd,0,100
kafka,confluent_librdkafka,google_speed,produce,one_string_ten_int64,1,1000000,49,92451872409.000,10063981213.000,102515853622.000,102515.854,9754.589,0,owned,all,zstd,5,1
kafka,confluent_librdkafka,google_speed,produce,one_string_ten_int64,2,1000000,49,90877901313.000,9959347686.000,100837248999.000,100837.249,9916.970,0,owned,all,zstd,5,1
kafka,confluent_librdkafka,google_speed,produce,one_string_ten_int64,3,1000000,49,90135258885.000,9967056529.000,100102315414.000,100102.315,9989.779,0,owned,all,zstd,5,1
kafka,confluent_librdkafka,google_speed,produce,one_string_ten_int64,4,1000000,49,90123796574.000,9949445149.000,100073241723.000,100073.242,9992.681,0,owned,all,zstd,5,1
kafka,confluent_librdkafka,google_speed,produce,one_string_ten_int64,5,1000000,49,90084412453.000,9965648728.000,100050061181.000,100050.061,9994.996,0,owned,all,zstd,5,1
kafka,confluent_librdkafka,google_speed,produce,one_string_ten_int64,6,1000000,49,91190615875.000,10157076491.000,101347692366.000,101347.692,9867.023,0,owned,all,zstd,5,1
kafka,confluent_librdkafka,google_speed,produce,one_string_ten_int64,7,1000000,49,90107121797.000,10006327362.000,100113449159.000,100113.449,9988.668,0,owned,all,zstd,5,1
kafka,confluent_librdkafka,google_speed,produce,one_string_ten_int64,8,1000000,49,90347349881.000,10071899642.000,100419249523.000,100419.250,9958.250,0,owned,all,zstd,5,1
kafka,confluent_librdkafka,google_speed,produce,one_string_ten_int64,9,1000000,49,90048440463.000,9995882461.000,100044322924.000,100044.323,9995.570,0,owned,all,zstd,5,1
kafka,confluent_librdkafka,google_speed,produce,one_string_ten_int64,10,1000000,49,89915033686.000,10118015726.000,100033049412.000,100033.049,9996.696,0,owned,all,zstd,5,1
kafka,confluent_librdkafka,google_speed,produce,one_string_ten_int64,1,1000000,49,2392421492.000,121947197.000,2514368689.000,2514.369,397714.148,0,owned,all,zstd,5,100
kafka,confluent_librdkafka,google_speed,produce,one_string_ten_int64,2,1000000,49,1434355153.000,134918441.000,1569273594.000,1569.274,637237.512,0,owned,all,zstd,5,100
kafka,confluent_librdkafka,google_speed,produce,one_string_ten_int64,3,1000000,49,1393520019.000,118811610.000,1512331629.000,1512.332,661230.633,0,owned,all,zstd,5,100
kafka,confluent_librdkafka,google_speed,produce,one_string_ten_int64,4,1000000,49,1230081571.000,120548901.000,1350630472.000,1350.630,740394.964,0,owned,all,zstd,5,100
kafka,confluent_librdkafka,google_speed,produce,one_string_ten_int64,5,1000000,49,1234232318.000,119317274.000,1353549592.000,1353.550,738798.198,0,owned,all,zstd,5,100
kafka,confluent_librdkafka,google_speed,produce,one_string_ten_int64,6,1000000,49,1247903046.000,120145677.000,1368048723.000,1368.049,730968.118,0,owned,all,zstd,5,100
kafka,confluent_librdkafka,google_speed,produce,one_string_ten_int64,7,1000000,49,1234913967.000,119970501.000,1354884468.000,1354.884,738070.311,0,owned,all,zstd,5,100
kafka,confluent_librdkafka,google_speed,produce,one_string_ten_int64,8,1000000,49,1221969451.000,115634697.000,1337604148.000,1337.604,747605.337,0,owned,all,zstd,5,100
kafka,confluent_librdkafka,google_speed,produce,one_string_ten_int64,9,1000000,49,1242502541.000,120672320.000,1363174861.000,1363.175,733581.603,0,owned,all,zstd,5,100
kafka,confluent_librdkafka,google_speed,produce,one_string_ten_int64,10,1000000,49,1244837301.000,120489470.000,1365326771.000,1365.327,732425.395,0,owned,all,zstd,5,100
kafka,confluent_librdkafka,google_speed,produce,one_string_ten_int64,1,1000000,49,2418967280.000,117798475.000,2536765755.000,2536.766,394202.736,0,owned,all,none,0,100
kafka,confluent_librdkafka,google_speed,produce,one_string_ten_int64,2,1000000,49,1042548535.000,115113833.000,1157662368.000,1157.662,863809.715,0,owned,all,none,0,100
kafka,confluent_librdkafka,google_speed,produce,one_string_ten_int64,3,1000000,49,1014434504.000,114297627.000,1128732131.000,1128.732,885949.795,0,owned,all,none,0,100
kafka,confluent_librdkafka,google_speed,produce,one_string_ten_int64,4,1000000,49,1005331733.000,113281086.000,1118612819.000,1118.613,893964.366,0,owned,all,none,0,100
kafka,confluent_librdkafka,google_speed,produce,one_string_ten_int64,5,1000000,49,1005932575.000,110686091.000,1116618666.000,1116.619,895560.884,0,owned,all,none,0,100
kafka,confluent_librdkafka,google_speed,produce,one_string_ten_int64,6,1000000,49,992170896.000,109796986.000,1101967882.000,1101.968,907467.465,0,owned,all,none,0,100
kafka,confluent_librdkafka,google_speed,produce,one_string_ten_int64,7,1000000,49,988244376.000,110598057.000,1098842433.000,1098.842,910048.584,0,owned,all,none,0,100
kafka,confluent_librdkafka,google_speed,produce,one_string_ten_int64,8,1000000,49,1006815723.000,113008024.000,1119823747.000,1119.824,892997.673,0,owned,all,none,0,100
kafka,confluent_librdkafka,google_speed,produce,one_string_ten_int64,9,1000000,49,1019247583.000,107983169.000,1127230752.000,1127.231,887129.807,0,owned,all,none,0,100
kafka,confluent_librdkafka,google_speed,produce,one_string_ten_int64,10,1000000,49,986313005.000,116109263.000,1102422268.000,1102.422,907093.433,0,owned,all,none,0,100
kafka,confluent_librdkafka,google_speed,produce,one_string_ten_int64,1,1000000,49,89207932788.000,9862937698.000,99070870486.000,99070.870,10093.784,0,owned,all,none,5,1
kafka,confluent_librdkafka,google_speed,produce,one_string_ten_int64,2,1000000,49,88695602248.000,9789246087.000,98484848335.000,98484.848,10153.846,0,owned,all,none,5,1
kafka,confluent_librdkafka,google_speed,produce,one_string_ten_int64,3,1000000,49,88593261168.000,9843754965.000,98437016133.000,98437.016,10158.780,0,owned,all,none,5,1
kafka,confluent_librdkafka,google_speed,produce,one_string_ten_int64,4,1000000,49,88828223830.000,9813543398.000,98641767228.000,98641.767,10137.693,0,owned,all,none,5,1
kafka,confluent_librdkafka,google_speed,produce,one_string_ten_int64,5,1000000,49,88061790619.000,9691450301.000,97753240920.000,97753.241,10229.840,0,owned,all,none,5,1
kafka,confluent_librdkafka,google_speed,produce,one_string_ten_int64,6,1000000,49,88253509544.000,9842033647.000,98095543191.000,98095.543,10194.143,0,owned,all,none,5,1
kafka,confluent_librdkafka,google_speed,produce,one_string_ten_int64,7,1000000,49,88412584511.000,9805943712.000,98218528223.000,98218.528,10181.378,0,owned,all,none,5,1
kafka,confluent_librdkafka,google_speed,produce,one_string_ten_int64,8,1000000,49,87865636620.000,9724428774.000,97590065394.000,97590.065,10246.945,0,owned,all,none,5,1
kafka,confluent_librdkafka,google_speed,produce,one_string_ten_int64,9,1000000,49,88174757573.000,9770354558.000,97945112131.000,97945.112,10209.800,0,owned,all,none,5,1
kafka,confluent_librdkafka,google_speed,produce,one_string_ten_int64,10,1000000,49,87904808960.000,9822591735.000,97727400695.000,97727.401,10232.545,0,owned,all,none,5,1
kafka,confluent_librdkafka,google_speed,produce,one_string_ten_int64,1,1000000,49,2034762791.000,112425079.000,2147187870.000,2147.188,465725.433,0,owned,all,none,5,100
kafka,confluent_librdkafka,google_speed,produce,one_string_ten_int64,2,1000000,49,1015593709.000,109890150.000,1125483859.000,1125.484,888506.745,0,owned,all,none,5,100
kafka,confluent_librdkafka,google_speed,produce,one_string_ten_int64,3,1000000,49,987382347.000,112277655.000,1099660002.000,1099.660,909371.986,0,owned,all,none,5,100
kafka,confluent_librdkafka,google_speed,produce,one_string_ten_int64,4,1000000,49,988452590.000,115084050.000,1103536640.000,1103.537,906177.433,0,owned,all,none,5,100
kafka,confluent_librdkafka,google_speed,produce,one_string_ten_int64,5,1000000,49,984956881.000,108007896.000,1092964777.000,1092.965,914942.568,0,owned,all,none,5,100
kafka,confluent_librdkafka,google_speed,produce,one_string_ten_int64,6,1000000,49,996548863.000,112821036.000,1109369899.000,1109.370,901412.595,0,owned,all,none,5,100
kafka,confluent_librdkafka,google_speed,produce,one_string_ten_int64,7,1000000,49,988774770.000,113053179.000,1101827949.000,1101.828,907582.714,0,owned,all,none,5,100
kafka,confluent_librdkafka,google_speed,produce,one_string_ten_int64,8,1000000,49,1026127645.000,108943706.000,1135071351.000,1135.071,881001.885,0,owned,all,none,5,100
kafka,confluent_librdkafka,google_speed,produce,one_string_ten_int64,9,1000000,49,967797750.000,110208332.000,1078006082.000,1078.006,927638.551,0,owned,all,none,5,100
kafka,confluent_librdkafka,google_speed,produce,one_string_ten_int64,10,1000000,49,1006330476.000,111225576.000,1117556052.000,1117.556,894809.704,0,owned,all,none,5,100
kafka,confluent_librdkafka,google_speed,produce,one_string_ten_int64,1,1000000,49,90270523947.000,9896762968.000,100167286915.000,100167.287,9983.299,0,owned,all,lz4,0,1
kafka,confluent_librdkafka,google_speed,produce,one_string_ten_int64,2,1000000,49,88343435459.000,9808949059.000,98152384518.000,98152.385,10188.239,0,owned,all,lz4,0,1
kafka,confluent_librdkafka,google_speed,produce,one_string_ten_int64,3,1000000,49,88430079796.000,9770837322.000,98200917118.000,98200.917,10183.204,0,owned,all,lz4,0,1
kafka,confluent_librdkafka,google_speed,produce,one_string_ten_int64,4,1000000,49,88371648472.000,9790002837.000,98161651309.000,98161.651,10187.278,0,owned,all,lz4,0,1
kafka,confluent_librdkafka,google_speed,produce,one_string_ten_int64,5,1000000,49,88441962722.000,9843273550.000,98285236272.000,98285.236,10174.468,0,owned,all,lz4,0,1
kafka,confluent_librdkafka,google_speed,produce,one_string_ten_int64,6,1000000,49,88654222357.000,9797707570.000,98451929927.000,98451.930,10157.241,0,owned,all,lz4,0,1
kafka,confluent_librdkafka,google_speed,produce,one_string_ten_int64,7,1000000,49,88760636732.000,9822146133.000,98582782865.000,98582.783,10143.759,0,owned,all,lz4,0,1
kafka,confluent_librdkafka,google_speed,produce,one_string_ten_int64,8,1000000,49,88708091614.000,9758895851.000,98466987465.000,98466.987,10155.688,0,owned,all,lz4,0,1
kafka,confluent_librdkafka,google_speed,produce,one_string_ten_int64,9,1000000,49,88796440429.000,9828042563.000,98624482992.000,98624.483,10139.470,0,owned,all,lz4,0,1
kafka,confluent_librdkafka,google_speed,produce,one_string_ten_int64,10,1000000,49,88580729917.000,9864905587.000,98445635504.000,98445.636,10157.891,0,owned,all,lz4,0,1
kafka,confluent_librdkafka,google_speed,produce,one_string_ten_int64,1,1000000,49,2547441241.000,182641569.000,2730082810.000,2730.083,366289.256,0,owned,all,lz4,0,100
kafka,confluent_librdkafka,google_speed,produce,one_string_ten_int64,2,1000000,49,982807130.000,133519007.000,1116326137.000,1116.326,895795.563,0,owned,all,lz4,0,100
kafka,confluent_librdkafka,google_speed,produce,one_string_ten_int64,3,1000000,49,952992565.000,109613795.000,1062606360.000,1062.606,941082.265,0,owned,all,lz4,0,100
kafka,confluent_librdkafka,google_speed,produce,one_string_ten_int64,4,1000000,49,1270158699.000,152295099.000,1422453798.000,1422.454,703010.531,0,owned,all,lz4,0,100
kafka,confluent_librdkafka,google_speed,produce,one_string_ten_int64,5,1000000,49,1040452418.000,132904242.000,1173356660.000,1173.357,852255.784,0,owned,all,lz4,0,100
kafka,confluent_librdkafka,google_speed,produce,one_string_ten_int64,6,1000000,49,1189574578.000,159672145.000,1349246723.000,1349.247,741154.292,0,owned,all,lz4,0,100
kafka,confluent_librdkafka,google_speed,produce,one_string_ten_int64,7,1000000,49,1104052253.000,119144692.000,1223196945.000,1223.197,817529.838,0,owned,all,lz4,0,100
kafka,confluent_librdkafka,google_speed,produce,one_string_ten_int64,8,1000000,49,1035367509.000,144592266.000,1179959775.000,1179.960,847486.517,0,owned,all,lz4,0,100
kafka,confluent_librdkafka,google_speed,produce,one_string_ten_int64,9,1000000,49,1014082383.000,125412187.000,1139494570.000,1139.495,877582.067,0,owned,all,lz4,0,100
kafka,confluent_librdkafka,google_speed,produce,one_string_ten_int64,10,1000000,49,1245614223.000,188644461.000,1434258684.000,1434.259,697224.295,0,owned,all,lz4,0,100
kafka,confluent_librdkafka,google_speed,produce,one_string_ten_int64,1,1000000,49,89273137916.000,9815635760.000,99088773676.000,99088.774,10091.961,0,owned,all,lz4,5,1
kafka,confluent_librdkafka,google_speed,produce,one_string_ten_int64,2,1000000,49,88977359087.000,9905821208.000,98883180295.000,98883.180,10112.943,0,owned,all,lz4,5,1
kafka,confluent_librdkafka,google_speed,produce,one_string_ten_int64,3,1000000,49,88907906671.000,9855087582.000,98762994253.000,98762.994,10125.250,0,owned,all,lz4,5,1
kafka,confluent_librdkafka,google_speed,produce,one_string_ten_int64,4,1000000,49,88524900162.000,9922231928.000,98447132090.000,98447.132,10157.736,0,owned,all,lz4,5,1
kafka,confluent_librdkafka,google_speed,produce,one_string_ten_int64,5,1000000,49,88059673834.000,9788944388.000,97848618222.000,97848.618,10219.868,0,owned,all,lz4,5,1
kafka,confluent_librdkafka,google_speed,produce,one_string_ten_int64,6,1000000,49,88599199209.000,9816879954.000,98416079163.000,98416.079,10160.941,0,owned,all,lz4,5,1
kafka,confluent_librdkafka,google_speed,produce,one_string_ten_int64,7,1000000,49,88676327016.000,9857408286.000,98533735302.000,98533.735,10148.808,0,owned,all,lz4,5,1
kafka,confluent_librdkafka,google_speed,produce,one_string_ten_int64,8,1000000,49,88443713527.000,9722152153.000,98165865680.000,98165.866,10186.840,0,owned,all,lz4,5,1
kafka,confluent_librdkafka,google_speed,produce,one_string_ten_int64,9,1000000,49,88640828113.000,9885066119.000,98525894232.000,98525.894,10149.616,0,owned,all,lz4,5,1
kafka,confluent_librdkafka,google_speed,produce,one_string_ten_int64,10,1000000,49,88763745397.000,9831170440.000,98594915837.000,98594.916,10142.511,0,owned,all,lz4,5,1
kafka,confluent_librdkafka,google_speed,produce,one_string_ten_int64,1,1000000,49,1970154810.000,105385187.000,2075539997.000,2075.540,481802.327,0,owned,all,lz4,5,100
kafka,confluent_librdkafka,google_speed,produce,one_string_ten_int64,2,1000000,49,974462040.000,110792244.000,1085254284.000,1085.254,921443.034,0,owned,all,lz4,5,100
kafka,confluent_librdkafka,google_speed,produce,one_string_ten_int64,3,1000000,49,959432308.000,102645446.000,1062077754.000,1062.078,941550.650,0,owned,all,lz4,5,100
kafka,confluent_librdkafka,google_speed,produce,one_string_ten_int64,4,1000000,49,938419967.000,110107628.000,1048527595.000,1048.528,953718.343,0,owned,all,lz4,5,100
kafka,confluent_librdkafka,google_speed,produce,one_string_ten_int64,5,1000000,49,931606667.000,107844303.000,1039450970.000,1039.451,962046.339,0,owned,all,lz4,5,100
kafka,confluent_librdkafka,google_speed,produce,one_string_ten_int64,6,1000000,49,947539059.000,106445339.000,1053984398.000,1053.984,948780.648,0,owned,all,lz4,5,100
kafka,confluent_librdkafka,google_speed,produce,one_string_ten_int64,7,1000000,49,918494675.000,105143886.000,1023638561.000,1023.639,976907.317,0,owned,all,lz4,5,100
kafka,confluent_librdkafka,google_speed,produce,one_string_ten_int64,8,1000000,49,923199794.000,100983621.000,1024183415.000,1024.183,976387.613,0,owned,all,lz4,5,100
kafka,confluent_librdkafka,google_speed,produce,one_string_ten_int64,9,1000000,49,935388407.000,104584985.000,1039973392.000,1039.973,961563.063,0,owned,all,lz4,5,100
kafka,confluent_librdkafka,google_speed,produce,one_string_ten_int64,10,1000000,49,934957595.000,107683615.000,1042641210.000,1042.641,959102.700,0,owned,all,lz4,5,100
kafka,confluent_librdkafka,google_speed,produce,one_string_ten_int64,1,1000000,49,92448234320.000,10127973563.000,102576207883.000,102576.208,9748.849,0,owned,all,zstd,0,1
kafka,confluent_librdkafka,google_speed,produce,one_string_ten_int64,2,1000000,49,91539482867.000,10117843852.000,101657326719.000,101657.327,9836.969,0,owned,all,zstd,0,1
kafka,confluent_librdkafka,google_speed,produce,one_string_ten_int64,3,1000000,49,91436439529.000,10104283459.000,101540722988.000,101540.723,9848.266,0,owned,all,zstd,0,1
kafka,confluent_librdkafka,google_speed,produce,one_string_ten_int64,4,1000000,49,91393492669.000,10105580411.000,101499073080.000,101499.073,9852.307,0,owned,all,zstd,0,1
kafka,confluent_librdkafka,google_speed,produce,one_string_ten_int64,5,1000000,49,90229145195.000,9937559035.000,100166704230.000,100166.704,9983.357,0,owned,all,zstd,0,1
kafka,confluent_librdkafka,google_speed,produce,one_string_ten_int64,6,1000000,49,91599616912.000,10137351144.000,101736968056.000,101736.968,9829.269,0,owned,all,zstd,0,1
kafka,confluent_librdkafka,google_speed,produce,one_string_ten_int64,7,1000000,49,91599067493.000,10183991155.000,101783058648.000,101783.059,9824.818,0,owned,all,zstd,0,1
kafka,confluent_librdkafka,google_speed,produce,one_string_ten_int64,8,1000000,49,91780874553.000,10135700161.000,101916574714.000,101916.575,9811.947,0,owned,all,zstd,0,1
kafka,confluent_librdkafka,google_speed,produce,one_string_ten_int64,9,1000000,49,91720016788.000,10216532493.000,101936549281.000,101936.549,9810.024,0,owned,all,zstd,0,1
kafka,confluent_librdkafka,google_speed,produce,one_string_ten_int64,10,1000000,49,92216246570.000,10138191477.000,102354438047.000,102354.438,9769.972,0,owned,all,zstd,0,1
